ALT;LAT;SSD;T;GSR;GUC;EKSEN;SONUC
50;36,99;7,48;17,7;1,81;1;1;1,717
50;36,99;7,48;17,7;1,81;1;2;2,235
50;36,99;7,48;17,7;1,81;1;3;2,341
50;36,99;7,48;17,7;1,81;3;1;5,150
50;36,99;7,48;17,7;1,81;3;2;6,706
50;36,99;7,48;17,7;1,81;3;3;7,023
50;36,99;7,48;17,7;1,81;5;1;8,583
50;36,99;7,48;17,7;1,81;5;2;11,176
50;36,99;7,48;17,7;1,81;5;3;11,706
50;36,99;7,48;17,7;1,81;10;1;17,167
50;36,99;7,48;17,7;1,81;10;2;22,352
50;36,99;7,48;17,7;1,81;10;3;23,411
690;37,75;8,1;14,8;1,7;1;1;1,607
690;37,75;8,1;14,8;1,7;1;2;2,054
690;37,75;8,1;14,8;1,7;1;3;2,151
690;37,75;8,1;14,8;1,7;3;1;4,821
690;37,75;8,1;14,8;1,7;3;2;6,162
690;37,75;8,1;14,8;1,7;3;3;6,454
690;37,75;8,1;14,8;1,7;5;1;8,036
690;37,75;8,1;14,8;1,7;5;2;10,270
690;37,75;8,1;14,8;1,7;5;3;10,756
690;37,75;8,1;14,8;1,7;10;1;16,071
690;37,75;8,1;14,8;1,7;10;2;20,541
690;37,75;8,1;14,8;1,7;10;3;21,512
1253;38,75;6,78;11,6;1,62;1;1;1,575
1253;38,75;6,78;11,6;1,62;1;2;2,002
1253;38,75;6,78;11,6;1,62;1;3;2,100
1253;38,75;6,78;11,6;1,62;3;1;4,725
1253;38,75;6,78;11,6;1,62;3;2;6,006
1253;38,75;6,78;11,6;1,62;3;3;6,300
1253;38,75;6,78;11,6;1,62;5;1;7,874
1253;38,75;6,78;11,6;1,62;5;2;10,010
1253;38,75;6,78;11,6;1,62;5;3;10,500
1253;38,75;6,78;11,6;1,62;10;1;15,749
1253;38,75;6,78;11,6;1,62;10;2;20,021
1253;38,75;6,78;11,6;1,62;10;3;21,001
2173;39,73;6,36;6,4;1,62;1;1;1,650
2173;39,73;6,36;6,4;1,62;1;2;2,106
2173;39,73;6,36;6,4;1,62;1;3;2,220
2173;39,73;6,36;6,4;1,62;3;1;4,951
2173;39,73;6,36;6,4;1,62;3;2;6,317
2173;39,73;6,36;6,4;1,62;3;3;6,659
2173;39,73;6,36;6,4;1,62;5;1;8,252
2173;39,73;6,36;6,4;1,62;5;2;10,528
2173;39,73;6,36;6,4;1,62;5;3;11,099
2173;39,73;6,36;6,4;1,62;10;1;16,505
2173;39,73;6,36;6,4;1,62;10;2;21,057
2173;39,73;6,36;6,4;1,62;10;3;22,198
124;41,07;5,44;12,9;1,52;1;1;1,434
124;41,07;5,44;12,9;1,52;1;2;1,827
124;41,07;5,44;12,9;1,52;1;3;1,920
124;41,07;5,44;12,9;1,52;3;1;4,303
124;41,07;5,44;12,9;1,52;3;2;5,480
124;41,07;5,44;12,9;1,52;3;3;5,759
124;41,07;5,44;12,9;1,52;5;1;7,171
124;41,07;5,44;12,9;1,52;5;2;9,133
124;41,07;5,44;12,9;1,52;5;3;9,599
124;41,07;5,44;12,9;1,52;10;1;14,342
124;41,07;5,44;12,9;1,52;10;2;18,266
124;41,07;5,44;12,9;1,52;10;3;19,198
306;38,93;7,31;16,5;1,7;1;1;1,600
306;38,93;7,31;16,5;1,7;1;2;2,061
306;38,93;7,31;16,5;1,7;1;3;2,165
306;38,93;7,31;16,5;1,7;3;1;4,801
306;38,93;7,31;16,5;1,7;3;2;6,182
306;38,93;7,31;16,5;1,7;3;3;6,495
306;38,93;7,31;16,5;1,7;5;1;8,002
306;38,93;7,31;16,5;1,7;5;2;10,304
306;38,93;7,31;16,5;1,7;5;3;10,825
306;38,93;7,31;16,5;1,7;10;1;16,005
306;38,93;7,31;16,5;1,7;10;2;20,608
306;38,93;7,31;16,5;1,7;10;3;21,650
995;38,93;7,58;10,9;1,62;1;1;1,580
995;38,93;7,58;10,9;1,62;1;2;2,011
995;38,93;7,58;10,9;1,62;1;3;2,111
995;38,93;7,58;10,9;1,62;3;1;4,740
995;38,93;7,58;10,9;1,62;3;2;6,034
995;38,93;7,58;10,9;1,62;3;3;6,333
995;38,93;7,58;10,9;1,62;5;1;7,901
995;38,93;7,58;10,9;1,62;5;2;10,057
995;38,93;7,58;10,9;1,62;5;3;10,556
995;38,93;7,58;10,9;1,62;10;1;15,801
995;38,93;7,58;10,9;1,62;10;2;20,114
995;38,93;7,58;10,9;1,62;10;3;21,111
1227;38,35;6,97;11,3;1,6;1;1;1,545
1227;38,35;6,97;11,3;1,6;1;2;1,954
1227;38,35;6,97;11,3;1,6;1;3;2,048
1227;38,35;6,97;11,3;1,6;3;1;4,635
1227;38,35;6,97;11,3;1,6;3;2;5,862
1227;38,35;6,97;11,3;1,6;3;3;6,145
1227;38,35;6,97;11,3;1,6;5;1;7,725
1227;38,35;6,97;11,3;1,6;5;2;9,769
1227;38,35;6,97;11,3;1,6;5;3;10,241
1227;38,35;6,97;11,3;1,6;10;1;15,449
1227;38,35;6,97;11,3;1,6;10;2;19,539
1227;38,35;6,97;11,3;1,6;10;3;20,482
434;36,5;7,56;17,3;1,72;1;1;1,591
434;36,5;7,56;17,3;1,72;1;2;2,033
434;36,5;7,56;17,3;1,72;1;3;2,127
434;36,5;7,56;17,3;1,72;3;1;4,772
434;36,5;7,56;17,3;1,72;3;2;6,100
434;36,5;7,56;17,3;1,72;3;3;6,380
434;36,5;7,56;17,3;1,72;5;1;7,953
434;36,5;7,56;17,3;1,72;5;2;10,167
434;36,5;7,56;17,3;1,72;5;3;10,634
434;36,5;7,56;17,3;1,72;10;1;15,906
434;36,5;7,56;17,3;1,72;10;2;20,334
434;36,5;7,56;17,3;1,72;10;3;21,268
961;40,66;5,73;9,8;1,52;1;1;1,502
961;40,66;5,73;9,8;1,52;1;2;1,896
961;40,66;5,73;9,8;1,52;1;3;1,989
961;40,66;5,73;9,8;1,52;3;1;4,505
961;40,66;5,73;9,8;1,52;3;2;5,687
961;40,66;5,73;9,8;1,52;3;3;5,967
961;40,66;5,73;9,8;1,52;5;1;7,509
961;40,66;5,73;9,8;1,52;5;2;9,478
961;40,66;5,73;9,8;1,52;5;3;9,944
961;40,66;5,73;9,8;1,52;10;1;15,017
961;40,66;5,73;9,8;1,52;10;2;18,955
961;40,66;5,73;9,8;1,52;10;3;19,889
1062;36,08;8,19;15,6;1,67;1;1;1,551
1062;36,08;8,19;15,6;1,67;1;2;1,978
1062;36,08;8,19;15,6;1,67;1;3;2,070
1062;36,08;8,19;15,6;1,67;3;1;4,653
1062;36,08;8,19;15,6;1,67;3;2;5,933
1062;36,08;8,19;15,6;1,67;3;3;6,209
1062;36,08;8,19;15,6;1,67;5;1;7,755
1062;36,08;8,19;15,6;1,67;5;2;9,889
1062;36,08;8,19;15,6;1,67;5;3;10,348
1062;36,08;8,19;15,6;1,67;10;1;15,510
1062;36,08;8,19;15,6;1,67;10;2;19,777
1062;36,08;8,19;15,6;1,67;10;3;20,696
1024;39,95;6,95;10,5;1,58;1;1;1,564
1024;39,95;6,95;10,5;1,58;1;2;1,988
1024;39,95;6,95;10,5;1,58;1;3;2,086
1024;39,95;6,95;10,5;1,58;3;1;4,692
1024;39,95;6,95;10,5;1,58;3;2;5,963
1024;39,95;6,95;10,5;1,58;3;3;6,257
1024;39,95;6,95;10,5;1,58;5;1;7,821
1024;39,95;6,95;10,5;1,58;5;2;9,938
1024;39,95;6,95;10,5;1,58;5;3;10,428
1024;39,95;6,95;10,5;1,58;10;1;15,642
1024;39,95;6,95;10,5;1,58;10;2;19,876
1024;39,95;6,95;10,5;1,58;10;3;20,857
434;36,2;7,49;17,3;1,7;1;1;1,585
434;36,2;7,49;17,3;1,7;1;2;2,025
434;36,2;7,49;17,3;1,7;1;3;2,117
434;36,2;7,49;17,3;1,7;3;1;4,756
434;36,2;7,49;17,3;1,7;3;2;6,074
434;36,2;7,49;17,3;1,7;3;3;6,352
434;36,2;7,49;17,3;1,7;5;1;7,926
434;36,2;7,49;17,3;1,7;5;2;10,123
434;36,2;7,49;17,3;1,7;5;3;10,586
434;36,2;7,49;17,3;1,7;10;1;15,852
434;36,2;7,49;17,3;1,7;10;2;20,246
434;36,2;7,49;17,3;1,7;10;3;21,172
437;36,7;8,43;16,9;1,66;1;1;1,529
437;36,7;8,43;16,9;1,66;1;2;1,941
437;36,7;8,43;16,9;1,66;1;3;2,029
437;36,7;8,43;16,9;1,66;3;1;4,587
437;36,7;8,43;16,9;1,66;3;2;5,824
437;36,7;8,43;16,9;1,66;3;3;6,088
437;36,7;8,43;16,9;1,66;5;1;7,646
437;36,7;8,43;16,9;1,66;5;2;9,706
437;36,7;8,43;16,9;1,66;5;3;10,147
437;36,7;8,43;16,9;1,66;10;1;15,291
437;36,7;8,43;16,9;1,66;10;2;19,413
437;36,7;8,43;16,9;1,66;10;3;20,293
602;41,18;4,98;9,9;1,3;1;1;1,272
602;41,18;4,98;9,9;1,3;1;2;1,548
602;41,18;4,98;9,9;1,3;1;3;1,619
602;41,18;4,98;9,9;1,3;3;1;3,815
602;41,18;4,98;9,9;1,3;3;2;4,644
602;41,18;4,98;9,9;1,3;3;3;4,858
602;41,18;4,98;9,9;1,3;5;1;6,358
602;41,18;4,98;9,9;1,3;5;2;7,741
602;41,18;4,98;9,9;1,3;5;3;8,096
602;41,18;4,98;9,9;1,3;10;1;12,717
602;41,18;4,98;9,9;1,3;10;2;15,481
602;41,18;4,98;9,9;1,3;10;3;16,192
211;37,81;7,61;18;1,84;1;1;1,730
211;37,81;7,61;18;1,84;1;2;2,258
211;37,81;7,61;18;1,84;1;3;2,368
211;37,81;7,61;18;1,84;3;1;5,189
211;37,81;7,61;18;1,84;3;2;6,774
211;37,81;7,61;18;1,84;3;3;7,104
211;37,81;7,61;18;1,84;5;1;8,648
211;37,81;7,61;18;1,84;5;2;11,289
211;37,81;7,61;18;1,84;5;3;11,839
211;37,81;7,61;18;1,84;10;1;17,296
211;37,81;7,61;18;1,84;10;2;22,578
211;37,81;7,61;18;1,84;10;3;23,678
191;39,3;7,78;16,5;1,66;1;1;1,556
191;39,3;7,78;16,5;1,66;1;2;2,008
191;39,3;7,78;16,5;1,66;1;3;2,110
191;39,3;7,78;16,5;1,66;3;1;4,668
191;39,3;7,78;16,5;1,66;3;2;6,023
191;39,3;7,78;16,5;1,66;3;3;6,331
191;39,3;7,78;16,5;1,66;5;1;7,780
191;39,3;7,78;16,5;1,66;5;2;10,039
191;39,3;7,78;16,5;1,66;5;3;10,552
191;39,3;7,78;16,5;1,66;10;1;15,559
191;39,3;7,78;16,5;1,66;10;2;20,078
191;39,3;7,78;16,5;1,66;10;3;21,103
459;41,55;5,65;12;1,38;1;1;1,344
459;41,55;5,65;12;1,38;1;2;1,670
459;41,55;5,65;12;1,38;1;3;1,751
459;41,55;5,65;12;1,38;3;1;4,033
459;41,55;5,65;12;1,38;3;2;5,009
459;41,55;5,65;12;1,38;3;3;5,252
459;41,55;5,65;12;1,38;5;1;6,721
459;41,55;5,65;12;1,38;5;2;8,348
459;41,55;5,65;12;1,38;5;3;8,753
459;41,55;5,65;12;1,38;10;1;13,443
459;41,55;5,65;12;1,38;10;2;16,697
459;41,55;5,65;12;1,38;10;3;17,507
382;39,63;6,68;15,5;1,51;1;1;1,406
382;39,63;6,68;15,5;1,51;1;2;1,775
382;39,63;6,68;15,5;1,51;1;3;1,863
382;39,63;6,68;15,5;1,51;3;1;4,219
382;39,63;6,68;15,5;1,51;3;2;5,324
382;39,63;6,68;15,5;1,51;3;3;5,588
382;39,63;6,68;15,5;1,51;5;1;7,031
382;39,63;6,68;15,5;1,51;5;2;8,873
382;39,63;6,68;15,5;1,51;5;3;9,313
382;39,63;6,68;15,5;1,51;10;1;14,062
382;39,63;6,68;15,5;1,51;10;2;17,747
382;39,63;6,68;15,5;1,51;10;3;18,625
495;41,63;5,72;11,8;1,44;1;1;1,377
495;41,63;5,72;11,8;1,44;1;2;1,734
495;41,63;5,72;11,8;1,44;1;3;1,822
495;41,63;5,72;11,8;1,44;3;1;4,132
495;41,63;5,72;11,8;1,44;3;2;5,203
495;41,63;5,72;11,8;1,44;3;3;5,465
495;41,63;5,72;11,8;1,44;5;1;6,887
495;41,63;5,72;11,8;1,44;5;2;8,672
495;41,63;5,72;11,8;1,44;5;3;9,108
495;41,63;5,72;11,8;1,44;10;1;13,774
495;41,63;5,72;11,8;1,44;10;2;17,344
495;41,63;5,72;11,8;1,44;10;3;18,215
2084;38,05;7,63;7,9;1,65;1;1;1,643
2084;38,05;7,63;7,9;1,65;1;2;2,089
2084;38,05;7,63;7,9;1,65;1;3;2,195
2084;38,05;7,63;7,9;1,65;3;1;4,930
2084;38,05;7,63;7,9;1,65;3;2;6,268
2084;38,05;7,63;7,9;1,65;3;3;6,585
2084;38,05;7,63;7,9;1,65;5;1;8,217
2084;38,05;7,63;7,9;1,65;5;2;10,447
2084;38,05;7,63;7,9;1,65;5;3;10,974
2084;38,05;7,63;7,9;1,65;10;1;16,435
2084;38,05;7,63;7,9;1,65;10;2;20,894
2084;38,05;7,63;7,9;1,65;10;3;21,949
785;37,88;7,61;15,2;1,72;1;1;1,639
785;37,88;7,61;15,2;1,72;1;2;2,102
785;37,88;7,61;15,2;1,72;1;3;2,202
785;37,88;7,61;15,2;1,72;3;1;4,918
785;37,88;7,61;15,2;1,72;3;2;6,306
785;37,88;7,61;15,2;1,72;3;3;6,605
785;37,88;7,61;15,2;1,72;5;1;8,197
785;37,88;7,61;15,2;1,72;5;2;10,510
785;37,88;7,61;15,2;1,72;5;3;11,009
785;37,88;7,61;15,2;1,72;10;1;16,395
785;37,88;7,61;15,2;1,72;10;2;21,020
785;37,88;7,61;15,2;1,72;10;3;22,018
382;39,13;7,58;15,5;1,51;1;1;1,398
382;39,13;7,58;15,5;1,51;1;2;1,762
382;39,13;7,58;15,5;1,51;1;3;1,848
382;39,13;7,58;15,5;1,51;3;1;4,195
382;39,13;7,58;15,5;1,51;3;2;5,285
382;39,13;7,58;15,5;1,51;3;3;5,545
382;39,13;7,58;15,5;1,51;5;1;6,991
382;39,13;7,58;15,5;1,51;5;2;8,808
382;39,13;7,58;15,5;1,51;5;3;9,241
382;39,13;7,58;15,5;1,51;10;1;13,982
382;39,13;7,58;15,5;1,51;10;2;17,616
382;39,13;7,58;15,5;1,51;10;3;18,483
379;40,15;6,45;13,2;1,45;1;1;1,367
379;40,15;6,45;13,2;1,45;1;2;1,710
379;40,15;6,45;13,2;1,45;1;3;1,793
379;40,15;6,45;13,2;1,45;3;1;4,102
379;40,15;6,45;13,2;1,45;3;2;5,130
379;40,15;6,45;13,2;1,45;3;3;5,380
379;40,15;6,45;13,2;1,45;5;1;6,836
379;40,15;6,45;13,2;1,45;5;2;8,549
379;40,15;6,45;13,2;1,45;5;3;8,966
379;40,15;6,45;13,2;1,45;10;1;13,672
379;40,15;6,45;13,2;1,45;10;2;17,099
1164;38,87;6,55;11,2;1,71;10;3;17,933
1164;38,87;6,55;11,2;1,71;1;1;1,659
1164;38,87;6,55;11,2;1,71;1;2;2,145
1164;38,87;6,55;11,2;1,71;1;3;2,258
1164;38,87;6,55;11,2;1,71;3;1;4,977
1164;38,87;6,55;11,2;1,71;3;2;6,434
1164;38,87;6,55;11,2;1,71;3;3;6,773
1164;38,87;6,55;11,2;1,71;5;1;8,294
1164;38,87;6,55;11,2;1,71;5;2;10,723
1164;38,87;6,55;11,2;1,71;5;3;11,288
1164;38,87;6,55;11,2;1,71;10;1;16,589
1164;38,87;6,55;11,2;1,71;10;2;21,445
996;37,03;7,9;13,7;1,74;10;3;22,576
996;37,03;7,9;13,7;1,74;1;1;1,636
996;37,03;7,9;13,7;1,74;1;2;2,115
996;37,03;7,9;13,7;1,74;1;3;2,216
996;37,03;7,9;13,7;1,74;3;1;4,909
996;37,03;7,9;13,7;1,74;3;2;6,345
996;37,03;7,9;13,7;1,74;3;3;6,649
996;37,03;7,9;13,7;1,74;5;1;8,181
996;37,03;7,9;13,7;1,74;5;2;10,575
996;37,03;7,9;13,7;1,74;5;3;11,082
996;37,03;7,9;13,7;1,74;10;1;16,363
996;37,03;7,9;13,7;1,74;10;2;21,150
1919;38,37;6,18;8,4;1,7;10;3;22,164
1919;38,37;6,18;8,4;1,7;1;1;1,664
1919;38,37;6,18;8,4;1,7;1;2;2,141
1919;38,37;6,18;8,4;1,7;1;3;2,257
1919;38,37;6,18;8,4;1,7;3;1;4,991
1919;38,37;6,18;8,4;1,7;3;2;6,424
1919;38,37;6,18;8,4;1,7;3;3;6,771
1919;38,37;6,18;8,4;1,7;5;1;8,318
1919;38,37;6,18;8,4;1,7;5;2;10,707
1919;38,37;6,18;8,4;1,7;5;3;11,285
1919;38,37;6,18;8,4;1,7;10;1;16,636
1919;38,37;6,18;8,4;1,7;10;2;21,413
1919;38,37;6,18;8,4;1,7;10;3;22,570
211;37,04;7,77;18;1,84;1;1;1,715
211;37,04;7,77;18;1,84;1;2;2,248
211;37,04;7,77;18;1,84;1;3;2,356
211;37,04;7,77;18;1,84;3;1;5,145
211;37,04;7,77;18;1,84;3;2;6,743
211;37,04;7,77;18;1,84;3;3;7,068
211;37,04;7,77;18;1,84;5;1;8,575
211;37,04;7,77;18;1,84;5;2;11,239
211;37,04;7,77;18;1,84;5;3;11,780
211;37,04;7,77;18;1,84;10;1;17,150
211;37,04;7,77;18;1,84;10;2;22,477
211;37,04;7,77;18;1,84;10;3;23,559
1001;40,44;5,49;11,3;1,47;1;1;1,421
1001;40,44;5,49;11,3;1,47;1;2;1,782
1001;40,44;5,49;11,3;1,47;1;3;1,868
1001;40,44;5,49;11,3;1,47;3;1;4,264
1001;40,44;5,49;11,3;1,47;3;2;5,346
1001;40,44;5,49;11,3;1,47;3;3;5,603
1001;40,44;5,49;11,3;1,47;5;1;7,106
1001;40,44;5,49;11,3;1,47;5;2;8,910
1001;40,44;5,49;11,3;1,47;5;3;9,339
1001;40,44;5,49;11,3;1,47;10;1;14,212
1001;40,44;5,49;11,3;1,47;10;2;17,820
1001;40,44;5,49;11,3;1,47;10;3;18,677
306;38,47;7,56;16,5;1,68;1;1;1,591
306;38,47;7,56;16,5;1,68;1;2;2,046
306;38,47;7,56;16,5;1,68;1;3;2,149
306;38,47;7,56;16,5;1,68;3;1;4,773
306;38,47;7,56;16,5;1,68;3;2;6,137
306;38,47;7,56;16,5;1,68;3;3;6,446
306;38,47;7,56;16,5;1,68;5;1;7,955
306;38,47;7,56;16,5;1,68;5;2;10,229
306;38,47;7,56;16,5;1,68;5;3;10,744
306;38,47;7,56;16,5;1,68;10;1;15,911
306;38,47;7,56;16,5;1,68;10;2;20,458
306;38,47;7,56;16,5;1,68;10;3;21,488
1021;37,67;7,45;13,3;1,65;1;1;1,593
1021;37,67;7,45;13,3;1,65;1;2;2,018
1021;37,67;7,45;13,3;1,65;1;3;2,110
1021;37,67;7,45;13,3;1,65;3;1;4,779
1021;37,67;7,45;13,3;1,65;3;2;6,054
1021;37,67;7,45;13,3;1,65;3;3;6,331
1021;37,67;7,45;13,3;1,65;5;1;7,964
1021;37,67;7,45;13,3;1,65;5;2;10,090
1021;37,67;7,45;13,3;1,65;5;3;10,552
1021;37,67;7,45;13,3;1,65;10;1;15,929
1021;37,67;7,45;13,3;1,65;10;2;20,180
1021;37,67;7,45;13,3;1,65;10;3;21,105
379;40,19;6,37;13,2;1,45;1;1;1,368
379;40,19;6,37;13,2;1,45;1;2;1,711
379;40,19;6,37;13,2;1,45;1;3;1,794
379;40,19;6,37;13,2;1,45;3;1;4,104
379;40,19;6,37;13,2;1,45;3;2;5,133
379;40,19;6,37;13,2;1,45;3;3;5,383
379;40,19;6,37;13,2;1,45;5;1;6,840
379;40,19;6,37;13,2;1,45;5;2;8,555
379;40,19;6,37;13,2;1,45;5;3;8,972
379;40,19;6,37;13,2;1,45;10;1;13,679
379;40,19;6,37;13,2;1,45;10;2;17,109
379;40,19;6,37;13,2;1,45;10;3;17,945
1090;38,65;7,63;11;1,59;1;1;1,545
1090;38,65;7,63;11;1,59;1;2;1,955
1090;38,65;7,63;11;1,59;1;3;2,049
1090;38,65;7,63;11;1,59;3;1;4,635
1090;38,65;7,63;11;1,59;3;2;5,864
1090;38,65;7,63;11;1,59;3;3;6,148
1090;38,65;7,63;11;1,59;5;1;7,725
1090;38,65;7,63;11;1,59;5;2;9,774
1090;38,65;7,63;11;1,59;5;3;10,246
1090;38,65;7,63;11;1,59;10;1;15,449
1090;38,65;7,63;11;1,59;10;2;19,548
1090;38,65;7,63;11;1,59;10;3;20,492
101;40,1;7,33;15,3;1,51;1;1;1,423
101;40,1;7,33;15,3;1,51;1;2;1,798
101;40,1;7,33;15,3;1,51;1;3;1,886
101;40,1;7,33;15,3;1,51;3;1;4,270
101;40,1;7,33;15,3;1,51;3;2;5,393
101;40,1;7,33;15,3;1,51;3;3;5,658
101;40,1;7,33;15,3;1,51;5;1;7,117
101;40,1;7,33;15,3;1,51;5;2;8,988
101;40,1;7,33;15,3;1,51;5;3;9,430
101;40,1;7,33;15,3;1,51;10;1;14,235
101;40,1;7,33;15,3;1,51;10;2;17,977
101;40,1;7,33;15,3;1,51;10;3;18,859
1128;40,6;6,2;9,8;1,5;1;1;1,480
1128;40,6;6,2;9,8;1,5;1;2;1,863
1128;40,6;6,2;9,8;1,5;1;3;1,954
1128;40,6;6,2;9,8;1,5;3;1;4,439
1128;40,6;6,2;9,8;1,5;3;2;5,589
1128;40,6;6,2;9,8;1,5;3;3;5,861
1128;40,6;6,2;9,8;1,5;5;1;7,398
1128;40,6;6,2;9,8;1,5;5;2;9,316
1128;40,6;6,2;9,8;1,5;5;3;9,768
1128;40,6;6,2;9,8;1,5;10;1;14,795
1128;40,6;6,2;9,8;1,5;10;2;18,631
1128;40,6;6,2;9,8;1,5;10;3;19,537
68;38,3;7,87;17,7;1,83;1;1;1,709
68;38,3;7,87;17,7;1,83;1;2;2,247
68;38,3;7,87;17,7;1,83;1;3;2,365
68;38,3;7,87;17,7;1,83;3;1;5,126
68;38,3;7,87;17,7;1,83;3;2;6,740
68;38,3;7,87;17,7;1,83;3;3;7,094
68;38,3;7,87;17,7;1,83;5;1;8,543
68;38,3;7,87;17,7;1,83;5;2;11,234
68;38,3;7,87;17,7;1,83;5;3;11,823
68;38,3;7,87;17,7;1,83;10;1;17,086
68;38,3;7,87;17,7;1,83;10;2;22,468
68;38,3;7,87;17,7;1,83;10;3;23,645
957;40,55;6,2;9,8;1,53;1;1;1,523
957;40,55;6,2;9,8;1,53;1;2;1,926
957;40,55;6,2;9,8;1,53;1;3;2,021
957;40,55;6,2;9,8;1,53;3;1;4,570
957;40,55;6,2;9,8;1,53;3;2;5,779
957;40,55;6,2;9,8;1,53;3;3;6,063
957;40,55;6,2;9,8;1,53;5;1;7,617
957;40,55;6,2;9,8;1,53;5;2;9,632
957;40,55;6,2;9,8;1,53;5;3;10,105
957;40,55;6,2;9,8;1,53;10;1;15,233
957;40,55;6,2;9,8;1,53;10;2;19,264
957;40,55;6,2;9,8;1,53;10;3;20,209
73;36,75;8,28;18,5;1,9;1;1;1,778
73;36,75;8,28;18,5;1,9;1;2;2,346
73;36,75;8,28;18,5;1,9;1;3;2,460
73;36,75;8,28;18,5;1,9;3;1;5,334
73;36,75;8,28;18,5;1,9;3;2;7,037
73;36,75;8,28;18,5;1,9;3;3;7,380
73;36,75;8,28;18,5;1,9;5;1;8,889
73;36,75;8,28;18,5;1,9;5;2;11,729
73;36,75;8,28;18,5;1,9;5;3;12,299
73;36,75;8,28;18,5;1,9;10;1;17,779
73;36,75;8,28;18,5;1,9;10;2;23,457
73;36,75;8,28;18,5;1,9;10;3;24,598
1149;37,78;7,47;14,3;1,71;1;1;1,639
1149;37,78;7,47;14,3;1,71;1;2;2,099
1149;37,78;7,47;14,3;1,71;1;3;2,199
1149;37,78;7,47;14,3;1,71;3;1;4,918
1149;37,78;7,47;14,3;1,71;3;2;6,298
1149;37,78;7,47;14,3;1,71;3;3;6,596
1149;37,78;7,47;14,3;1,71;5;1;8,197
1149;37,78;7,47;14,3;1,71;5;2;10,497
1149;37,78;7,47;14,3;1,71;5;3;10,994
1149;37,78;7,47;14,3;1,71;10;1;16,393
1149;37,78;7,47;14,3;1,71;10;2;20,995
1149;37,78;7,47;14,3;1,71;10;3;21,987
191;39,07;8,12;16,5;1,66;1;1;1,552
191;39,07;8,12;16,5;1,66;1;2;2,001
191;39,07;8,12;16,5;1,66;1;3;2,103
191;39,07;8,12;16,5;1,66;3;1;4,655
191;39,07;8,12;16,5;1,66;3;2;6,002
191;39,07;8,12;16,5;1,66;3;3;6,308
191;39,07;8,12;16,5;1,66;5;1;7,758
191;39,07;8,12;16,5;1,66;5;2;10,004
191;39,07;8,12;16,5;1,66;5;3;10,513
191;39,07;8,12;16,5;1,66;10;1;15,515
191;39,07;8,12;16,5;1,66;10;2;20,007
191;39,07;8,12;16,5;1,66;10;3;21,027
1243;38,07;7,40;11,6;1,62;1;1;1,561
1243;38,07;7,40;11,6;1,62;1;2;1,976
1243;38,07;7,40;11,6;1,62;1;3;2,068
1243;38,07;7,40;11,6;1,62;3;1;4,684
1243;38,07;7,40;11,6;1,62;3;2;5,929
1243;38,07;7,40;11,6;1,62;3;3;6,204
1243;38,07;7,40;11,6;1,62;5;1;7,807
1243;38,07;7,40;11,6;1,62;5;2;9,881
1243;38,07;7,40;11,6;1,62;5;3;10,340
1243;38,07;7,40;11,6;1,62;10;1;15,613
1243;38,07;7,40;11,6;1,62;10;2;19,763
1243;38,07;7,40;11,6;1,62;10;3;20,680
722;37,9;7,86;15,8;1,71;1;1;1,631
722;37,9;7,86;15,8;1,71;1;2;2,091
722;37,9;7,86;15,8;1,71;1;3;2,191
722;37,9;7,86;15,8;1,71;3;1;4,894
722;37,9;7,86;15,8;1,71;3;2;6,274
722;37,9;7,86;15,8;1,71;3;3;6,572
722;37,9;7,86;15,8;1,71;5;1;8,157
722;37,9;7,86;15,8;1,71;5;2;10,457
722;37,9;7,86;15,8;1,71;5;3;10,953
722;37,9;7,86;15,8;1,71;10;1;16,314
722;37,9;7,86;15,8;1,71;10;2;20,913
722;37,9;7,86;15,8;1,71;10;3;21,906
434;36,85;7,26;17,3;1,7;1;1;1,597
434;36,85;7,26;17,3;1,7;1;2;2,044
434;36,85;7,26;17,3;1,7;1;3;2,138
434;36,85;7,26;17,3;1,7;3;1;4,792
434;36,85;7,26;17,3;1,7;3;2;6,132
434;36,85;7,26;17,3;1,7;3;3;6,415
434;36,85;7,26;17,3;1,7;5;1;7,986
434;36,85;7,26;17,3;1,7;5;2;10,220
434;36,85;7,26;17,3;1,7;5;3;10,691
434;36,85;7,26;17,3;1,7;10;1;15,972
434;36,85;7,26;17,3;1,7;10;2;20,440
434;36,85;7,26;17,3;1,7;10;3;21,382
1001;40,83;5,3;11,3;1,47;1;1;1,429
1001;40,83;5,3;11,3;1,47;1;2;1,794
1001;40,83;5,3;11,3;1,47;1;3;1,881
1001;40,83;5,3;11,3;1,47;3;1;4,286
1001;40,83;5,3;11,3;1,47;3;2;5,382
1001;40,83;5,3;11,3;1,47;3;3;5,642
1001;40,83;5,3;11,3;1,47;5;1;7,143
1001;40,83;5,3;11,3;1,47;5;2;8,969
1001;40,83;5,3;11,3;1,47;5;3;9,403
1001;40,83;5,3;11,3;1,47;10;1;14,286
1001;40,83;5,3;11,3;1,47;10;2;17,938
1001;40,83;5,3;11,3;1,47;10;3;18,806
145;41,67;6,28;13,9;1,4;1;1;1,351
145;41,67;6,28;13,9;1,4;1;2;1,688
145;41,67;6,28;13,9;1,4;1;3;1,769
145;41,67;6,28;13,9;1,4;3;1;4,053
145;41,67;6,28;13,9;1,4;3;2;5,063
145;41,67;6,28;13,9;1,4;3;3;5,308
145;41,67;6,28;13,9;1,4;5;1;6,755
145;41,67;6,28;13,9;1,4;5;2;8,438
145;41,67;6,28;13,9;1,4;5;3;8,847
145;41,67;6,28;13,9;1,4;10;1;13,511
145;41,67;6,28;13,9;1,4;10;2;16,877
145;41,67;6,28;13,9;1,4;10;3;17,693
382;39,58;7,21;15,5;1,5;1;1;1,405
382;39,58;7,21;15,5;1,5;1;2;1,773
382;39,58;7,21;15,5;1,5;1;3;1,861
382;39,58;7,21;15,5;1,5;3;1;4,216
382;39,58;7,21;15,5;1,5;3;2;5,320
382;39,58;7,21;15,5;1,5;3;3;5,583
382;39,58;7,21;15,5;1,5;5;1;7,027
382;39,58;7,21;15,5;1,5;5;2;8,867
382;39,58;7,21;15,5;1,5;5;3;9,305
382;39,58;7,21;15,5;1,5;10;1;14,054
382;39,58;7,21;15,5;1,5;10;2;17,733
382;39,58;7,21;15,5;1,5;10;3;18,611
1108;38,65;7,42;11,1;1,72;1;1;1,676
1108;38,65;7,42;11,1;1,72;1;2;2,168
1108;38,65;7,42;11,1;1,72;1;3;2,281
1108;38,65;7,42;11,1;1,72;3;1;5,027
1108;38,65;7,42;11,1;1,72;3;2;6,503
1108;38,65;7,42;11,1;1,72;3;3;6,842
1108;38,65;7,42;11,1;1,72;5;1;8,378
1108;38,65;7,42;11,1;1,72;5;2;10,838
1108;38,65;7,42;11,1;1,72;5;3;11,404
1108;38,65;7,42;11,1;1,72;10;1;16,756
1108;38,65;7,42;11,1;1,72;10;2;21,676
1108;38,65;7,42;11,1;1,72;10;3;22,807
1566;38,2;6,98;9,3;1,68;1;1;1,652
1566;38,2;6,98;9,3;1,68;1;2;2,113
1566;38,2;6,98;9,3;1,68;1;3;2,218
1566;38,2;6,98;9,3;1,68;3;1;4,957
1566;38,2;6,98;9,3;1,68;3;2;6,339
1566;38,2;6,98;9,3;1,68;3;3;6,653
1566;38,2;6,98;9,3;1,68;5;1;8,262
1566;38,2;6,98;9,3;1,68;5;2;10,564
1566;38,2;6,98;9,3;1,68;5;3;11,088
1566;38,2;6,98;9,3;1,68;10;1;16,524
1566;38,2;6,98;9,3;1,68;10;2;21,129
1566;38,2;6,98;9,3;1,68;10;3;22,177
1499;37,5;7,26;12,9;1,62;1;1;1,668
1499;37,5;7,26;12,9;1,62;1;2;2,155
1499;37,5;7,26;12,9;1,62;1;3;2,267
1499;37,5;7,26;12,9;1,62;3;1;5,003
1499;37,5;7,26;12,9;1,62;3;2;6,465
1499;37,5;7,26;12,9;1,62;3;3;6,801
1499;37,5;7,26;12,9;1,62;5;1;8,338
1499;37,5;7,26;12,9;1,62;5;2;10,775
1499;37,5;7,26;12,9;1,62;5;3;11,335
1499;37,5;7,26;12,9;1,62;10;1;16,675
1499;37,5;7,26;12,9;1,62;10;2;21,549
1499;37,5;7,26;12,9;1,62;10;3;22,671
1108;38,28;7,45;11,1;1,72;1;1;1,628
1108;38,28;7,45;11,1;1,72;1;2;2,083
1108;38,28;7,45;11,1;1,72;1;3;2,195
1108;38,28;7,45;11,1;1,72;3;1;4,883
1108;38,28;7,45;11,1;1,72;3;2;6,248
1108;38,28;7,45;11,1;1,72;3;3;6,584
1108;38,28;7,45;11,1;1,72;5;1;8,138
1108;38,28;7,45;11,1;1,72;5;2;10,413
1108;38,28;7,45;11,1;1,72;5;3;10,974
1108;38,28;7,45;11,1;1,72;10;1;16,276
1108;38,28;7,45;11,1;1,72;10;2;20,826
1108;38,28;7,45;11,1;1,72;10;3;21,948
1853;39,75;6,57;7,2;1,62;1;1;1,679
1853;39,75;6,57;7,2;1,62;1;2;2,155
1853;39,75;6,57;7,2;1,62;1;3;2,273
1853;39,75;6,57;7,2;1,62;3;1;5,037
1853;39,75;6,57;7,2;1,62;3;2;6,465
1853;39,75;6,57;7,2;1,62;3;3;6,818
1853;39,75;6,57;7,2;1,62;5;1;8,395
1853;39,75;6,57;7,2;1,62;5;2;10,776
1853;39,75;6,57;7,2;1,62;5;3;11,363
1853;39,75;6,57;7,2;1,62;10;1;16,789
1853;39,75;6,57;7,2;1,62;10;2;21,551
1853;39,75;6,57;7,2;1,62;10;3;22,726
2058;39,95;6,73;6,3;1,65;1;1;1,489
2058;39,95;6,73;6,3;1,65;1;2;1,881
2058;39,95;6,73;6,3;1,65;1;3;1,972
2058;39,95;6,73;6,3;1,65;3;1;4,467
2058;39,95;6,73;6,3;1,65;3;2;5,642
2058;39,95;6,73;6,3;1,65;3;3;5,917
2058;39,95;6,73;6,3;1,65;5;1;7,445
2058;39,95;6,73;6,3;1,65;5;2;9,403
2058;39,95;6,73;6,3;1,65;5;3;9,861
2058;39,95;6,73;6,3;1,65;10;1;14,890
2058;39,95;6,73;6,3;1,65;10;2;18,806
2058;39,95;6,73;6,3;1,65;10;3;19,722
1076;39,78;6,7;11,3;1,53;1;1;1,564
1076;39,78;6,7;11,3;1,53;1;2;1,988
1076;39,78;6,7;11,3;1,53;1;3;2,086
1076;39,78;6,7;11,3;1,53;3;1;4,692
1076;39,78;6,7;11,3;1,53;3;2;5,963
1076;39,78;6,7;11,3;1,53;3;3;6,257
1076;39,78;6,7;11,3;1,53;5;1;7,821
1076;39,78;6,7;11,3;1,53;5;2;9,938
1076;39,78;6,7;11,3;1,53;5;3;10,428
1076;39,78;6,7;11,3;1,53;10;1;15,642
1076;39,78;6,7;11,3;1,53;10;2;19,876
1076;39,78;6,7;11,3;1,53;10;3;20,857
1024;39,95;7,10;10,5;1,6;1;1;1,727
1024;39,95;7,10;10,5;1,6;1;2;2,255
1024;39,95;7,10;10,5;1,6;1;3;2,363
1024;39,95;7,10;10,5;1,6;3;1;5,181
1024;39,95;7,10;10,5;1,6;3;2;6,766
1024;39,95;7,10;10,5;1,6;3;3;7,090
1024;39,95;7,10;10,5;1,6;5;1;8,634
1024;39,95;7,10;10,5;1,6;5;2;11,276
1024;39,95;7,10;10,5;1,6;5;3;11,816
1024;39,95;7,10;10,5;1,6;10;1;17,268
1024;39,95;7,10;10,5;1,6;10;2;22,552
1024;39,95;7,10;10,5;1,6;10;3;23,633
781;36,62;8;17,3;1,84;1;1;1,523
781;36,62;8;17,3;1,84;1;2;1,930
781;36,62;8;17,3;1,84;1;3;2,018
781;36,62;8;17,3;1,84;3;1;4,568
781;36,62;8;17,3;1,84;3;2;5,791
781;36,62;8;17,3;1,84;3;3;6,053
781;36,62;8;17,3;1,84;5;1;7,613
781;36,62;8;17,3;1,84;5;2;9,652
781;36,62;8;17,3;1,84;5;3;10,088
781;36,62;8;17,3;1,84;10;1;15,225
781;36,62;8;17,3;1,84;10;2;19,304
781;36,62;8;17,3;1,84;10;3;20,175
437;36,3;8,18;16,9;1,63;1;1;1,637
437;36,3;8,18;16,9;1,63;1;2;2,117
437;36,3;8,18;16,9;1,63;1;3;2,218
437;36,3;8,18;16,9;1,63;3;1;4,912
437;36,3;8,18;16,9;1,63;3;2;6,350
437;36,3;8,18;16,9;1,63;3;3;6,654
437;36,3;8,18;16,9;1,63;5;1;8,186
437;36,3;8,18;16,9;1,63;5;2;10,583
437;36,3;8,18;16,9;1,63;5;3;11,090
437;36,3;8,18;16,9;1,63;10;1;16,372
437;36,3;8,18;16,9;1,63;10;2;21,165
437;36,3;8,18;16,9;1,63;10;3;22,181
996;37,08;7,36;13,7;1,74;1;1;1,496
996;37,08;7,36;13,7;1,74;1;2;1,892
996;37,08;7,36;13,7;1,74;1;3;1,985
996;37,08;7,36;13,7;1,74;3;1;4,487
996;37,08;7,36;13,7;1,74;3;2;5,677
996;37,08;7,36;13,7;1,74;3;3;5,956
996;37,08;7,36;13,7;1,74;5;1;7,478
996;37,08;7,36;13,7;1,74;5;2;9,462
996;37,08;7,36;13,7;1,74;5;3;9,926
996;37,08;7,36;13,7;1,74;10;1;14,957
996;37,08;7,36;13,7;1,74;10;2;18,924
996;37,08;7,36;13,7;1,74;10;3;19,852
1093;39,05;6,86;12,3;1,56;1;1;1,684
1093;39,05;6,86;12,3;1,56;1;2;2,156
1093;39,05;6,86;12,3;1,56;1;3;2,273
1093;39,05;6,86;12,3;1,56;3;1;5,052
1093;39,05;6,86;12,3;1,56;3;2;6,469
1093;39,05;6,86;12,3;1,56;3;3;6,818
1093;39,05;6,86;12,3;1,56;5;1;8,420
1093;39,05;6,86;12,3;1,56;5;2;10,782
1093;39,05;6,86;12,3;1,56;5;3;11,364
1093;39,05;6,86;12,3;1,56;10;1;16,839
1093;39,05;6,86;12,3;1,56;10;2;21,564
1093;39,05;6,86;12,3;1,56;10;3;22,727
2108;38,3;7,21;6,9;1,68;1;1;1,387
2108;38,3;7,21;6,9;1,68;1;2;1,711
2108;38,3;7,21;6,9;1,68;1;3;1,792
2108;38,3;7,21;6,9;1,68;3;1;4,162
2108;38,3;7,21;6,9;1,68;3;2;5,133
2108;38,3;7,21;6,9;1,68;3;3;5,375
2108;38,3;7,21;6,9;1,68;5;1;6,937
2108;38,3;7,21;6,9;1,68;5;2;8,555
2108;38,3;7,21;6,9;1,68;5;3;8,959
2108;38,3;7,21;6,9;1,68;10;1;13,874
2108;38,3;7,21;6,9;1,68;10;2;17,110
2108;38,3;7,21;6,9;1,68;10;3;17,918
1340;40,91;3,83;8,7;1,38;1;1;1,609
1340;40,91;3,83;8,7;1,38;1;2;2,046
1340;40,91;3,83;8,7;1,38;1;3;2,147
1340;40,91;3,83;8,7;1,38;3;1;4,827
1340;40,91;3,83;8,7;1,38;3;2;6,139
1340;40,91;3,83;8,7;1,38;3;3;6,441
1340;40,91;3,83;8,7;1,38;5;1;8,045
1340;40,91;3,83;8,7;1,38;5;2;10,232
1340;40,91;3,83;8,7;1,38;5;3;10,736
1340;40,91;3,83;8,7;1,38;10;1;16,090
1340;40,91;3,83;8,7;1,38;10;2;20,464
1340;40,91;3,83;8,7;1,38;10;3;21,471
1737;38,03;7,65;9,2;1,65;1;1;1,361
1737;38,03;7,65;9,2;1,65;1;2;1,671
1737;38,03;7,65;9,2;1,65;1;3;1,750
1737;38,03;7,65;9,2;1,65;3;1;4,083
1737;38,03;7,65;9,2;1,65;3;2;5,014
1737;38,03;7,65;9,2;1,65;3;3;5,251
1737;38,03;7,65;9,2;1,65;5;1;6,805
1737;38,03;7,65;9,2;1,65;5;2;8,356
1737;38,03;7,65;9,2;1,65;5;3;8,752
1737;38,03;7,65;9,2;1,65;10;1;13,609
1737;38,03;7,65;9,2;1,65;10;2;16,712
1737;38,03;7,65;9,2;1,65;10;3;17,505
1593;40,47;5,89;8,1;1,36;1;1;1,652
1593;40,47;5,89;8,1;1,36;1;2;2,133
1593;40,47;5,89;8,1;1,36;1;3;2,240
1593;40,47;5,89;8,1;1,36;3;1;4,955
1593;40,47;5,89;8,1;1,36;3;2;6,399
1593;40,47;5,89;8,1;1,36;3;3;6,719
1593;40,47;5,89;8,1;1,36;5;1;8,259
1593;40,47;5,89;8,1;1,36;5;2;10,665
1593;40,47;5,89;8,1;1,36;5;3;11,198
1593;40,47;5,89;8,1;1,36;10;1;16,518
1593;40,47;5,89;8,1;1,36;10;2;21,329
1593;40,47;5,89;8,1;1,36;10;3;22,395
2020;37,57;7,86;10,8;1,71;1;1;1,545
2020;37,57;7,86;10,8;1,71;1;2;1,978
2020;37,57;7,86;10,8;1,71;1;3;2,070
2020;37,57;7,86;10,8;1,71;3;1;4,635
2020;37,57;7,86;10,8;1,71;3;2;5,934
2020;37,57;7,86;10,8;1,71;3;3;6,211
2020;37,57;7,86;10,8;1,71;5;1;7,724
2020;37,57;7,86;10,8;1,71;5;2;9,890
2020;37,57;7,86;10,8;1,71;5;3;10,352
2020;37,57;7,86;10,8;1,71;10;1;15,448
2020;37,57;7,86;10,8;1,71;10;2;19,780
2020;37,57;7,86;10,8;1,71;10;3;20,703
40;36,25;7,47;17,7;1,84;1;1;1,610
40;36,25;7,47;17,7;1,84;1;2;2,042
40;36,25;7,47;17,7;1,84;1;3;2,150
40;36,25;7,47;17,7;1,84;3;1;4,831
40;36,25;7,47;17,7;1,84;3;2;6,128
40;36,25;7,47;17,7;1,84;3;3;6,451
40;36,25;7,47;17,7;1,84;5;1;8,052
40;36,25;7,47;17,7;1,84;5;2;10,213
40;36,25;7,47;17,7;1,84;5;3;10,752
40;36,25;7,47;17,7;1,84;10;1;16,104
40;36,25;7,47;17,7;1,84;10;2;20,425
40;36,25;7,47;17,7;1,84;10;3;21,503
1512;39,93;6,44;7,3;1,58;1;1;1,486
1512;39,93;6,44;7,3;1,58;1;2;1,874
1512;39,93;6,44;7,3;1,58;1;3;1,965
1512;39,93;6,44;7,3;1,58;3;1;4,459
1512;39,93;6,44;7,3;1,58;3;2;5,621
1512;39,93;6,44;7,3;1,58;3;3;5,896
1512;39,93;6,44;7,3;1,58;5;1;7,431
1512;39,93;6,44;7,3;1,58;5;2;9,369
1512;39,93;6,44;7,3;1,58;5;3;9,826
1512;39,93;6,44;7,3;1,58;10;1;14,863
1512;39,93;6,44;7,3;1,58;10;2;18,738
1512;39,93;6,44;7,3;1,58;10;3;19,653
1128;40,92;6,47;9,8;1,45;1;1;1,439
1128;40,92;6,47;9,8;1,45;1;2;1,823
1128;40,92;6,47;9,8;1,45;1;3;1,913
1128;40,92;6,47;9,8;1,45;3;1;4,317
1128;40,92;6,47;9,8;1,45;3;2;5,468
1128;40,92;6,47;9,8;1,45;3;3;5,739
1128;40,92;6,47;9,8;1,45;5;1;7,195
1128;40,92;6,47;9,8;1,45;5;2;9,113
1128;40,92;6,47;9,8;1,45;5;3;9,565
1128;40,92;6,47;9,8;1,45;10;1;14,389
1128;40,92;6,47;9,8;1,45;10;2;18,225
1128;40,92;6,47;9,8;1,45;10;3;19,130
1021;37,75;7,55;13,3;1,65;1;1;1,592
1021;37,75;7,55;13,3;1,65;1;2;2,036
1021;37,75;7,55;13,3;1,65;1;3;2,129
1021;37,75;7,55;13,3;1,65;3;1;4,776
1021;37,75;7,55;13,3;1,65;3;2;6,107
1021;37,75;7,55;13,3;1,65;3;3;6,388
1021;37,75;7,55;13,3;1,65;5;1;7,961
1021;37,75;7,55;13,3;1,65;5;2;10,179
1021;37,75;7,55;13,3;1,65;5;3;10,647
1021;37,75;7,55;13,3;1,65;10;1;15,921
1021;37,75;7,55;13,3;1,65;10;2;20,358
1021;37,75;7,55;13,3;1,65;10;3;21,293
101;40,93;6,56;15,3;1,51;1;1;1,595
101;40,93;6,56;15,3;1,51;1;2;2,021
101;40,93;6,56;15,3;1,51;1;3;2,113
101;40,93;6,56;15,3;1,51;3;1;4,784
101;40,93;6,56;15,3;1,51;3;2;6,062
101;40,93;6,56;15,3;1,51;3;3;6,340
101;40,93;6,56;15,3;1,51;5;1;7,973
101;40,93;6,56;15,3;1,51;5;2;10,103
101;40,93;6,56;15,3;1,51;5;3;10,566
101;40,93;6,56;15,3;1,51;10;1;15,945
101;40,93;6,56;15,3;1,51;10;2;20,206
101;40,93;6,56;15,3;1,51;10;3;21,132
434;36,58;7,3;17,3;1,7;1;1;1,381
434;36,58;7,3;17,3;1,7;1;2;1,733
434;36,58;7,3;17,3;1,7;1;3;1,818
434;36,58;7,3;17,3;1,7;3;1;4,144
434;36,58;7,3;17,3;1,7;3;2;5,198
434;36,58;7,3;17,3;1,7;3;3;5,455
434;36,58;7,3;17,3;1,7;5;1;6,907
434;36,58;7,3;17,3;1,7;5;2;8,663
434;36,58;7,3;17,3;1,7;5;3;9,091
434;36,58;7,3;17,3;1,7;10;1;13,814
434;36,58;7,3;17,3;1,7;10;2;17,327
434;36,58;7,3;17,3;1,7;10;3;18,182
379;40,97;6,11;13,2;1,45;1;1;1,590
379;40,97;6,11;13,2;1,45;1;2;2,045
379;40,97;6,11;13,2;1,45;1;3;2,147
379;40,97;6,11;13,2;1,45;3;1;4,771
379;40,97;6,11;13,2;1,45;3;2;6,134
379;40,97;6,11;13,2;1,45;3;3;6,442
379;40,97;6,11;13,2;1,45;5;1;7,951
379;40,97;6,11;13,2;1,45;5;2;10,223
379;40,97;6,11;13,2;1,45;5;3;10,737
379;40,97;6,11;13,2;1,45;10;1;15,903
379;40,97;6,11;13,2;1,45;10;2;20,446
379;40,97;6,11;13,2;1,45;10;3;21,474
306;38,43;7,98;16,5;1,67;1;1;1,593
306;38,43;7,98;16,5;1,67;1;2;2,035
306;38,43;7,98;16,5;1,67;1;3;2,130
306;38,43;7,98;16,5;1,67;3;1;4,778
306;38,43;7,98;16,5;1,67;3;2;6,106
306;38,43;7,98;16,5;1,67;3;3;6,389
306;38,43;7,98;16,5;1,67;5;1;7,964
306;38,43;7,98;16,5;1,67;5;2;10,177
306;38,43;7,98;16,5;1,67;5;3;10,648
306;38,43;7,98;16,5;1,67;10;1;15,927
306;38,43;7,98;16,5;1,67;10;2;20,354
306;38,43;7,98;16,5;1,67;10;3;21,296
911;37,6;7,11;13,6;1,67;1;1;1,536
911;37,6;7,11;13,6;1,67;1;2;1,928
911;37,6;7,11;13,6;1,67;1;3;2,022
911;37,6;7,11;13,6;1,67;3;1;4,607
911;37,6;7,11;13,6;1,67;3;2;5,785
911;37,6;7,11;13,6;1,67;3;3;6,067
911;37,6;7,11;13,6;1,67;5;1;7,678
911;37,6;7,11;13,6;1,67;5;2;9,641
911;37,6;7,11;13,6;1,67;5;3;10,112
911;37,6;7,11;13,6;1,67;10;1;15,357
911;37,6;7,11;13,6;1,67;10;2;19,282
911;37,6;7,11;13,6;1,67;10;3;20,223
1183;37,3;8,09;12,1;1,67;1;1;1,337
1183;37,3;8,09;12,1;1,67;1;2;1,658
1183;37,3;8,09;12,1;1,67;1;3;1,738
1183;37,3;8,09;12,1;1,67;3;1;4,010
1183;37,3;8,09;12,1;1,67;3;2;4,974
1183;37,3;8,09;12,1;1,67;3;3;5,213
1183;37,3;8,09;12,1;1,67;5;1;6,683
1183;37,3;8,09;12,1;1,67;5;2;8,291
1183;37,3;8,09;12,1;1,67;5;3;8,688
1183;37,3;8,09;12,1;1,67;10;1;13,366
1183;37,3;8,09;12,1;1,67;10;2;16,581
1183;37,3;8,09;12,1;1,67;10;3;17,377
1738;40,62;6,46;6;1,57;1;1;1,635
1738;40,62;6,46;6;1,57;1;2;2,108
1738;40,62;6,46;6;1,57;1;3;2,206
1738;40,62;6,46;6;1,57;3;1;4,904
1738;40,62;6,46;6;1,57;3;2;6,323
1738;40,62;6,46;6;1,57;3;3;6,618
1738;40,62;6,46;6;1,57;5;1;8,174
1738;40,62;6,46;6;1,57;5;2;10,538
1738;40,62;6,46;6;1,57;5;3;11,030
1738;40,62;6,46;6;1,57;10;1;16,348
1738;40,62;6,46;6;1,57;10;2;21,076
1738;40,62;6,46;6;1,57;10;3;22,061
1043;41,37;5,94;11;1,38;1;1;1,566
1043;41,37;5,94;11;1,38;1;2;1,990
1043;41,37;5,94;11;1,38;1;3;2,088
1043;41,37;5,94;11;1,38;3;1;4,697
1043;41,37;5,94;11;1,38;3;2;5,971
1043;41,37;5,94;11;1,38;3;3;6,265
1043;41,37;5,94;11;1,38;5;1;7,829
1043;41,37;5,94;11;1,38;5;2;9,951
1043;41,37;5,94;11;1,38;5;3;10,441
1043;41,37;5,94;11;1,38;10;1;15,658
1043;41,37;5,94;11;1,38;10;2;19,902
1043;41,37;5,94;11;1,38;10;3;20,882
1022;39,85;6,99;10,3;1,59;1;1;1,573
1022;39,85;6,99;10,3;1,59;1;2;1,999
1022;39,85;6,99;10,3;1,59;1;3;2,098
1022;39,85;6,99;10,3;1,59;3;1;4,720
1022;39,85;6,99;10,3;1,59;3;2;5,998
1022;39,85;6,99;10,3;1,59;3;3;6,295
1022;39,85;6,99;10,3;1,59;5;1;7,866
1022;39,85;6,99;10,3;1,59;5;2;9,997
1022;39,85;6,99;10,3;1,59;5;3;10,492
1022;39,85;6,99;10,3;1,59;10;1;15,732
1022;39,85;6,99;10,3;1,59;10;2;19,994
1022;39,85;6,99;10,3;1,59;10;3;20,984
1108;39,15;7,27;9,7;1,6;1;1;1,440
1108;39,15;7,27;9,7;1,6;1;2;1,805
1108;39,15;7,27;9,7;1,6;1;3;1,892
1108;39,15;7,27;9,7;1,6;3;1;4,321
1108;39,15;7,27;9,7;1,6;3;2;5,416
1108;39,15;7,27;9,7;1,6;3;3;5,675
1108;39,15;7,27;9,7;1,6;5;1;7,201
1108;39,15;7,27;9,7;1,6;5;2;9,026
1108;39,15;7,27;9,7;1,6;5;3;9,458
1108;39,15;7,27;9,7;1,6;10;1;14,402
1108;39,15;7,27;9,7;1,6;10;2;18,052
1108;39,15;7,27;9,7;1,6;10;3;18,917
1260;40,47;5,99;10,1;1,47;1;1;1,378
1260;40,47;5,99;10,1;1,47;1;2;1,727
1260;40,47;5,99;10,1;1,47;1;3;1,812
1260;40,47;5,99;10,1;1,47;3;1;4,133
1260;40,47;5,99;10,1;1,47;3;2;5,181
1260;40,47;5,99;10,1;1,47;3;3;5,436
1260;40,47;5,99;10,1;1,47;5;1;6,889
1260;40,47;5,99;10,1;1,47;5;2;8,635
1260;40,47;5,99;10,1;1,47;5;3;9,060
1260;40,47;5,99;10,1;1,47;10;1;13,778
1260;40,47;5,99;10,1;1,47;10;2;17,269
1260;40,47;5,99;10,1;1,47;10;3;18,119
495;36,72;7,84;17,1;1,75;1;1;1,623
495;36,72;7,84;17,1;1,75;1;2;2,068
495;36,72;7,84;17,1;1,75;1;3;2,164
495;36,72;7,84;17,1;1,75;3;1;4,869
495;36,72;7,84;17,1;1,75;3;2;6,203
495;36,72;7,84;17,1;1,75;3;3;6,491
495;36,72;7,84;17,1;1,75;5;1;8,116
495;36,72;7,84;17,1;1,75;5;2;10,339
495;36,72;7,84;17,1;1,75;5;3;10,818
495;36,72;7,84;17,1;1,75;10;1;16,231
495;36,72;7,84;17,1;1,75;10;2;20,678
495;36,72;7,84;17,1;1,75;10;3;21,637
379;40,77;5,52;13,2;1,45;1;1;1,535
379;40,77;5,52;13,2;1,45;1;2;1,952
379;40,77;5,52;13,2;1,45;1;3;2,042
379;40,77;5,52;13,2;1,45;3;1;4,605
379;40,77;5,52;13,2;1,45;3;2;5,855
379;40,77;5,52;13,2;1,45;3;3;6,127
379;40,77;5,52;13,2;1,45;5;1;7,675
379;40,77;5,52;13,2;1,45;5;2;9,759
379;40,77;5,52;13,2;1,45;5;3;10,211
379;40,77;5,52;13,2;1,45;10;1;15,349
379;40,77;5,52;13,2;1,45;10;2;19,517
379;40,77;5,52;13,2;1,45;10;3;20,423
1282;37,97;7,3;11,9;1,67;1;1;1,558
1282;37,97;7,3;11,9;1,67;1;2;1,980
1282;37,97;7,3;11,9;1,67;1;3;2,071
1282;37,97;7,3;11,9;1,67;3;1;4,674
1282;37,97;7,3;11,9;1,67;3;2;5,939
1282;37,97;7,3;11,9;1,67;3;3;6,214
1282;37,97;7,3;11,9;1,67;5;1;7,790
1282;37,97;7,3;11,9;1,67;5;2;9,899
1282;37,97;7,3;11,9;1,67;5;3;10,356
1282;37,97;7,3;11,9;1,67;10;1;15,581
1282;37,97;7,3;11,9;1,67;10;2;19,798
1282;37,97;7,3;11,9;1,67;10;3;20,712
819;37,45;7,12;13,5;1,63;1;1;1,783
819;37,45;7,12;13,5;1,63;1;2;2,354
819;37,45;7,12;13,5;1,63;1;3;2,468
819;37,45;7,12;13,5;1,63;3;1;5,348
819;37,45;7,12;13,5;1,63;3;2;7,061
819;37,45;7,12;13,5;1,63;3;3;7,405
819;37,45;7,12;13,5;1,63;5;1;8,914
819;37,45;7,12;13,5;1,63;5;2;11,768
819;37,45;7,12;13,5;1,63;5;3;12,341
819;37,45;7,12;13,5;1,63;10;1;17,828
819;37,45;7,12;13,5;1,63;10;2;23,536
819;37,45;7,12;13,5;1,63;10;3;24,683
73;36,97;7,72;18,5;1,9;1;1;1,405
73;36,97;7,72;18,5;1,9;1;2;1,791
73;36,97;7,72;18,5;1,9;1;3;1,883
73;36,97;7,72;18,5;1,9;3;1;4,214
73;36,97;7,72;18,5;1,9;3;2;5,372
73;36,97;7,72;18,5;1,9;3;3;5,650
73;36,97;7,72;18,5;1,9;5;1;7,023
73;36,97;7,72;18,5;1,9;5;2;8,954
73;36,97;7,72;18,5;1,9;5;3;9,417
73;36,97;7,72;18,5;1,9;10;1;14,046
73;36,97;7,72;18,5;1,9;10;2;17,908
73;36,97;7,72;18,5;1,9;10;3;18,833
21;41,24;5,47;14,2;1,5;1;1;1,731
21;41,24;5,47;14,2;1,5;1;2;2,260
21;41,24;5,47;14,2;1,5;1;3;2,370
21;41,24;5,47;14,2;1,5;3;1;5,193
21;41,24;5,47;14,2;1,5;3;2;6,780
21;41,24;5,47;14,2;1,5;3;3;7,110
21;41,24;5,47;14,2;1,5;5;1;8,654
21;41,24;5,47;14,2;1,5;5;2;11,300
21;41,24;5,47;14,2;1,5;5;3;11,851
21;41,24;5,47;14,2;1,5;10;1;17,309
21;41,24;5,47;14,2;1,5;10;2;22,600
21;41,24;5,47;14,2;1,5;10;3;23,701
211;37,87;8,08;18;1,84;1;1;1,503
211;37,87;8,08;18;1,84;1;2;1,904
211;37,87;8,08;18;1,84;1;3;1,997
211;37,87;8,08;18;1,84;3;1;4,508
211;37,87;8,08;18;1,84;3;2;5,711
211;37,87;8,08;18;1,84;3;3;5,992
211;37,87;8,08;18;1,84;5;1;7,513
211;37,87;8,08;18;1,84;5;2;9,518
211;37,87;8,08;18;1,84;5;3;9,987
211;37,87;8,08;18;1,84;10;1;15,027
211;37,87;8,08;18;1,84;10;2;19,036
211;37,87;8,08;18;1,84;10;3;19,974
1093;39,42;5,75;12,3;1,56;1;1;1,642
1093;39,42;5,75;12,3;1,56;1;2;2,109
1093;39,42;5,75;12,3;1,56;1;3;2,218
1093;39,42;5,75;12,3;1,56;3;1;4,925
1093;39,42;5,75;12,3;1,56;3;2;6,328
1093;39,42;5,75;12,3;1,56;3;3;6,654
1093;39,42;5,75;12,3;1,56;5;1;8,208
1093;39,42;5,75;12,3;1,56;5;2;10,547
1093;39,42;5,75;12,3;1,56;5;3;11,091
1093;39,42;5,75;12,3;1,56;10;1;16,417
1093;39,42;5,75;12,3;1,56;10;2;21,094
1093;39,42;5,75;12,3;1,56;10;3;22,181
1241;38,35;7,66;10,5;1,69;1;1;1,662
1241;38,35;7,66;10,5;1,69;1;2;2,126
1241;38,35;7,66;10,5;1,69;1;3;2,241
1241;38,35;7,66;10,5;1,69;3;1;4,987
1241;38,35;7,66;10,5;1,69;3;2;6,378
1241;38,35;7,66;10,5;1,69;3;3;6,722
1241;38,35;7,66;10,5;1,69;5;1;8,311
1241;38,35;7,66;10,5;1,69;5;2;10,630
1241;38,35;7,66;10,5;1,69;5;3;11,203
1241;38,35;7,66;10,5;1,69;10;1;16,622
1241;38,35;7,66;10,5;1,69;10;2;21,260
1241;38,35;7,66;10,5;1,69;10;3;22,405
1886;39,15;6,68;6,3;1,65;1;1;1,751
1886;39,15;6,68;6,3;1,65;1;2;2,294
1886;39,15;6,68;6,3;1,65;1;3;2,404
1886;39,15;6,68;6,3;1,65;3;1;5,253
1886;39,15;6,68;6,3;1,65;3;2;6,882
1886;39,15;6,68;6,3;1,65;3;3;7,212
1886;39,15;6,68;6,3;1,65;5;1;8,755
1886;39,15;6,68;6,3;1,65;5;2;11,470
1886;39,15;6,68;6,3;1,65;5;3;12,019
1886;39,15;6,68;6,3;1,65;10;1;17,509
1886;39,15;6,68;6,3;1,65;10;2;22,940
1886;39,15;6,68;6,3;1,65;10;3;24,038
139;36,78;7,75;16,9;1,85;1;1;1,592
139;36,78;7,75;16,9;1,85;1;2;2,047
139;36,78;7,75;16,9;1,85;1;3;2,047
139;36,78;7,75;16,9;1,85;3;1;4,775
139;36,78;7,75;16,9;1,85;3;2;6,140
139;36,78;7,75;16,9;1,85;3;3;6,140
139;36,78;7,75;16,9;1,85;5;1;7,958
139;36,78;7,75;16,9;1,85;5;2;10,234
139;36,78;7,75;16,9;1,85;5;3;10,234
139;36,78;7,75;16,9;1,85;10;1;15,917
139;36,78;7,75;16,9;1,85;10;2;20,468
139;36,78;7,75;16,9;1,85;10;3;20,468
306;38,5;6,89;16,5;1,71;1;1;1,611
306;38,5;6,89;16,5;1,71;1;2;2,061
306;38,5;6,89;16,5;1,71;1;3;2,157
306;38,5;6,89;16,5;1,71;3;1;4,833
306;38,5;6,89;16,5;1,71;3;2;6,182
306;38,5;6,89;16,5;1,71;3;3;6,471
306;38,5;6,89;16,5;1,71;5;1;8,055
306;38,5;6,89;16,5;1,71;5;2;10,303
306;38,5;6,89;16,5;1,71;5;3;10,786
306;38,5;6,89;16,5;1,71;10;1;16,111
306;38,5;6,89;16,5;1,71;10;2;20,607
306;38,5;6,89;16,5;1,71;10;3;21,571
722;37,23;8,21;15,8;1,57;1;1;1,3464
722;37,23;8,21;15,8;1,57;1;2;1,693
722;37,23;8,21;15,8;1,57;1;3;1,772
722;37,23;8,21;15,8;1,57;3;1;4,0393
722;37,23;8,21;15,8;1,57;3;2;5,079
722;37,23;8,21;15,8;1,57;3;3;5,317
722;37,23;8,21;15,8;1,57;5;1;6,7322
722;37,23;8,21;15,8;1,57;5;2;8,465
722;37,23;8,21;15,8;1,57;5;3;8,861
722;37,23;8,21;15,8;1,57;10;1;13,464
722;37,23;8,21;15,8;1,57;10;2;16,929
722;37,23;8,21;15,8;1,57;10;3;17,722
636;38,86;7,49;14,6;1,68;1;1;1,602
636;38,86;7,49;14,6;1,68;1;2;2,058
636;38,86;7,49;14,6;1,68;1;3;2,161
636;38,86;7,49;14,6;1,68;3;1;4,807
636;38,86;7,49;14,6;1,68;3;2;6,173
636;38,86;7,49;14,6;1,68;3;3;6,484
636;38,86;7,49;14,6;1,68;5;1;8,011
636;38,86;7,49;14,6;1,68;5;2;10,289
636;38,86;7,49;14,6;1,68;5;3;10,806
636;38,86;7,49;14,6;1,68;10;1;16,023
636;38,86;7,49;14,6;1,68;10;2;20,578
636;38,86;7,49;14,6;1,68;10;3;21,612
1243;38,75;7,66;11,6;1,62;1;1;1,575
1243;38,75;7,66;11,6;1,62;1;2;2,002
1243;38,75;7,66;11,6;1,62;1;3;2,100
1243;38,75;7,66;11,6;1,62;3;1;4,725
1243;38,75;7,66;11,6;1,62;3;2;6,006
1243;38,75;7,66;11,6;1,62;3;3;6,300
1243;38,75;7,66;11,6;1,62;5;1;7,874
1243;38,75;7,66;11,6;1,62;5;2;10,010
1243;38,75;7,66;11,6;1,62;5;3;10,500
1243;38,75;7,66;11,6;1,62;10;1;15,749
1243;38,75;7,66;11,6;1,62;10;2;20,021
1243;38,75;7,66;11,6;1,62;10;3;21,001
211;37,32;7,99;18;1,84;1;1;1,721
211;37,32;7,99;18;1,84;1;2;2,257
211;37,32;7,99;18;1,84;1;3;2,366
211;37,32;7,99;18;1,84;3;1;5,163
211;37,32;7,99;18;1,84;3;2;6,772
211;37,32;7,99;18;1,84;3;3;7,099
211;37,32;7,99;18;1,84;5;1;8,605
211;37,32;7,99;18;1,84;5;2;11,287
211;37,32;7,99;18;1,84;5;3;11,831
211;37,32;7,99;18;1,84;10;1;17,210
211;37,32;7,99;18;1,84;10;2;22,573
211;37,32;7,99;18;1,84;10;3;23,663
715;37,22;7,44;16,2;1,77;1;1;1,670
715;37,22;7,44;16,2;1,77;1;2;2,166
715;37,22;7,44;16,2;1,77;1;3;2,269
715;37,22;7,44;16,2;1,77;3;1;5,011
715;37,22;7,44;16,2;1,77;3;2;6,497
715;37,22;7,44;16,2;1,77;3;3;6,806
715;37,22;7,44;16,2;1,77;5;1;8,352
715;37,22;7,44;16,2;1,77;5;2;10,828
715;37,22;7,44;16,2;1,77;5;3;11,344
715;37,22;7,44;16,2;1,77;10;1;16,704
715;37,22;7,44;16,2;1,77;10;2;21,656
715;37,22;7,44;16,2;1,77;10;3;22,687
2108;38,98;7,20;6,9;1,68;1;1;1,700
2108;38,98;7,20;6,9;1,68;1;2;2,181
2108;38,98;7,20;6,9;1,68;1;3;2,300
2108;38,98;7,20;6,9;1,68;3;1;5,100
2108;38,98;7,20;6,9;1,68;3;2;6,544
2108;38,98;7,20;6,9;1,68;3;3;6,899
2108;38,98;7,20;6,9;1,68;5;1;8,500
2108;38,98;7,20;6,9;1,68;5;2;10,906
2108;38,98;7,20;6,9;1,68;5;3;11,499
2108;38,98;7,20;6,9;1,68;10;1;17,000
2108;38,98;7,20;6,9;1,68;10;2;21,812
2108;38,98;7,20;6,9;1,68;10;3;22,997
1375;38,73;7,33;10,3;1,68;1;1;1,623
1375;38,73;7,33;10,3;1,68;1;2;2,090
1375;38,73;7,33;10,3;1,68;1;3;2,201
1375;38,73;7,33;10,3;1,68;3;1;4,868
1375;38,73;7,33;10,3;1,68;3;2;6,269
1375;38,73;7,33;10,3;1,68;3;3;6,602
1375;38,73;7,33;10,3;1,68;5;1;8,113
1375;38,73;7,33;10,3;1,68;5;2;10,449
1375;38,73;7,33;10,3;1,68;5;3;11,004
1375;38,73;7,33;10,3;1,68;10;1;16,226
1375;38,73;7,33;10,3;1,68;10;2;20,897
1375;38,73;7,33;10,3;1,68;10;3;22,008
1308;38,62;7,18;10,4;1,64;1;1;1,604
1308;38,62;7,18;10,4;1,64;1;2;2,044
1308;38,62;7,18;10,4;1,64;1;3;2,146
1308;38,62;7,18;10,4;1,64;3;1;4,813
1308;38,62;7,18;10,4;1,64;3;2;6,133
1308;38,62;7,18;10,4;1,64;3;3;6,438
1308;38,62;7,18;10,4;1,64;5;1;8,022
1308;38,62;7,18;10,4;1,64;5;2;10,221
1308;38,62;7,18;10,4;1,64;5;3;10,730
1308;38,62;7,18;10,4;1,64;10;1;16,043
1308;38,62;7,18;10,4;1,64;10;2;20,443
1308;38,62;7,18;10,4;1,64;10;3;21,460
1499;37,97;7,63;12,9;1,62;1;1;1,542
1499;37,97;7,63;12,9;1,62;1;2;1,954
1499;37,97;7,63;12,9;1,62;1;3;2,045
1499;37,97;7,63;12,9;1,62;3;1;4,626
1499;37,97;7,63;12,9;1,62;3;2;5,861
1499;37,97;7,63;12,9;1,62;3;3;6,135
1499;37,97;7,63;12,9;1,62;5;1;7,709
1499;37,97;7,63;12,9;1,62;5;2;9,768
1499;37,97;7,63;12,9;1,62;5;3;10,225
1499;37,97;7,63;12,9;1,62;10;1;15,418
1499;37,97;7,63;12,9;1,62;10;2;19,535
1499;37,97;7,63;12,9;1,62;10;3;20,451
1252;40,98;4,55;9,1;1,42;1;1;1,416
1252;40,98;4,55;9,1;1,42;1;2;1,760
1252;40,98;4,55;9,1;1,42;1;3;1,844
1252;40,98;4,55;9,1;1,42;3;1;4,247
1252;40,98;4,55;9,1;1,42;3;2;5,279
1252;40,98;4,55;9,1;1,42;3;3;5,531
1252;40,98;4,55;9,1;1,42;5;1;7,078
1252;40,98;4,55;9,1;1,42;5;2;8,798
1252;40,98;4,55;9,1;1,42;5;3;9,218
1252;40,98;4,55;9,1;1,42;10;1;14,155
1252;40,98;4,55;9,1;1,42;10;2;17,596
1252;40,98;4,55;9,1;1,42;10;3;18,437
887;33,55;7,81;18,4;2,05;1;1;1,900
887;33,55;7,81;18,4;2,05;1;2;2,500
887;33,55;7,81;18,4;2,05;1;3;2,619
887;33,55;7,81;18,4;2,05;3;1;5,699
887;33,55;7,81;18,4;2,05;3;2;7,498
887;33,55;7,81;18,4;2,05;3;3;7,858
887;33,55;7,81;18,4;2,05;5;1;9,498
887;33,55;7,81;18,4;2,05;5;2;12,496
887;33,55;7,81;18,4;2,05;5;3;13,096
887;33,55;7,81;18,4;2,05;10;1;18,996
887;33,55;7,81;18,4;2,05;10;2;24,992
887;33,55;7,81;18,4;2,05;10;3;26,192
2108;38,67;6,73;6,9;1,68;1;1;1,693
2108;38,67;6,73;6,9;1,68;1;2;2,170
2108;38,67;6,73;6,9;1,68;1;3;2,287
2108;38,67;6,73;6,9;1,68;3;1;5,078
2108;38,67;6,73;6,9;1,68;3;2;6,509
2108;38,67;6,73;6,9;1,68;3;3;6,861
2108;38,67;6,73;6,9;1,68;5;1;8,463
2108;38,67;6,73;6,9;1,68;5;2;10,848
2108;38,67;6,73;6,9;1,68;5;3;11,436
2108;38,67;6,73;6,9;1,68;10;1;16,925
2108;38,67;6,73;6,9;1,68;10;2;21,697
2108;38,67;6,73;6,9;1,68;10;3;22,872
1024;39,58;6,8;10,5;1,58;1;1;1,556
1024;39,58;6,8;10,5;1,58;1;2;1,975
1024;39,58;6,8;10,5;1,58;1;3;2,072
1024;39,58;6,8;10,5;1,58;3;1;4,668
1024;39,58;6,8;10,5;1,58;3;2;5,925
1024;39,58;6,8;10,5;1,58;3;3;6,216
1024;39,58;6,8;10,5;1,58;5;1;7,781
1024;39,58;6,8;10,5;1,58;5;2;9,875
1024;39,58;6,8;10,5;1,58;5;3;10,360
1024;39,58;6,8;10,5;1,58;10;1;15,561
1024;39,58;6,8;10,5;1,58;10;2;19,750
1024;39,58;6,8;10,5;1,58;10;3;20,719
26;41,02;4,18;11,7;1,43;1;1;1,393
26;41,02;4,18;11,7;1,43;1;2;1,740
26;41,02;4,18;11,7;1,43;1;3;1,825
26;41,02;4,18;11,7;1,43;3;1;4,179
26;41,02;4,18;11,7;1,43;3;2;5,219
26;41,02;4,18;11,7;1,43;3;3;5,474
26;41,02;4,18;11,7;1,43;5;1;6,965
26;41,02;4,18;11,7;1,43;5;2;8,698
26;41,02;4,18;11,7;1,43;5;3;9,123
26;41,02;4,18;11,7;1,43;10;1;13,931
26;41,02;4,18;11,7;1,43;10;2;17,396
26;41,02;4,18;11,7;1,43;10;3;18,247
542;40,78;5,33;12,2;1,43;1;1;1,369
542;40,78;5,33;12,2;1,43;1;2;1,708
542;40,78;5,33;12,2;1,43;1;3;1,791
542;40,78;5,33;12,2;1,43;3;1;4,107
542;40,78;5,33;12,2;1,43;3;2;5,123
542;40,78;5,33;12,2;1,43;3;3;5,372
542;40,78;5,33;12,2;1,43;5;1;6,844
542;40,78;5,33;12,2;1,43;5;2;8,539
542;40,78;5,33;12,2;1,43;5;3;8,953
542;40,78;5,33;12,2;1,43;10;1;13,689
542;40,78;5,33;12,2;1,43;10;2;17,078
542;40,78;5,33;12,2;1,43;10;3;17,905
117;41,28;5,17;12,6;1,37;1;1;1,331
117;41,28;5,17;12,6;1,37;1;2;1,646
117;41,28;5,17;12,6;1,37;1;3;1,725
117;41,28;5,17;12,6;1,37;3;1;3,993
117;41,28;5,17;12,6;1,37;3;2;4,939
117;41,28;5,17;12,6;1,37;3;3;5,176
117;41,28;5,17;12,6;1,37;5;1;6,655
117;41,28;5,17;12,6;1,37;5;2;8,231
117;41,28;5,17;12,6;1,37;5;3;8,627
117;41,28;5,17;12,6;1,37;10;1;13,310
117;41,28;5,17;12,6;1,37;10;2;16,462
117;41,28;5,17;12,6;1,37;10;3;17,254
211;37,95;7,57;18;1,84;1;1;1,733
211;37,95;7,57;18;1,84;1;2;2,263
211;37,95;7,57;18;1,84;1;3;2,373
211;37,95;7,57;18;1,84;3;1;5,198
211;37,95;7,57;18;1,84;3;2;6,788
211;37,95;7,57;18;1,84;3;3;7,120
211;37,95;7,57;18;1,84;5;1;8,664
211;37,95;7,57;18;1,84;5;2;11,314
211;37,95;7,57;18;1,84;5;3;11,866
211;37,95;7,57;18;1,84;10;1;17,327
211;37,95;7,57;18;1,84;10;2;22,628
211;37,95;7,57;18;1,84;10;3;23,732
1243;38,1;6,94;11,6;1,62;1;1;1,562
1243;38,1;6,94;11,6;1,62;1;2;1,977
1243;38,1;6,94;11,6;1,62;1;3;2,069
1243;38,1;6,94;11,6;1,62;3;1;4,686
1243;38,1;6,94;11,6;1,62;3;2;5,932
1243;38,1;6,94;11,6;1,62;3;3;6,207
1243;38,1;6,94;11,6;1,62;5;1;7,809
1243;38,1;6,94;11,6;1,62;5;2;9,886
1243;38,1;6,94;11,6;1,62;5;3;10,345
1243;38,1;6,94;11,6;1,62;10;1;15,619
1243;38,1;6,94;11,6;1,62;10;2;19,772
1243;38,1;6,94;11,6;1,62;10;3;20,690
1326;37,42;7,21;13,1;1,7;1;1;1,622
1326;37,42;7,21;13,1;1,7;1;2;2,080
1326;37,42;7,21;13,1;1,7;1;3;2,177
1326;37,42;7,21;13,1;1,7;3;1;4,866
1326;37,42;7,21;13,1;1,7;3;2;6,240
1326;37,42;7,21;13,1;1,7;3;3;6,530
1326;37,42;7,21;13,1;1,7;5;1;8,110
1326;37,42;7,21;13,1;1,7;5;2;10,400
1326;37,42;7,21;13,1;1,7;5;3;10,883
1326;37,42;7,21;13,1;1,7;10;1;16,220
1326;37,42;7,21;13,1;1,7;10;2;20,801
1326;37,42;7,21;13,1;1,7;10;3;21,765
785;37,92;7,43;15,2;1,72;1;1;1,640
785;37,92;7,43;15,2;1,72;1;2;2,103
785;37,92;7,43;15,2;1,72;1;3;2,203
785;37,92;7,43;15,2;1,72;3;1;4,921
785;37,92;7,43;15,2;1,72;3;2;6,310
785;37,92;7,43;15,2;1,72;3;3;6,610
785;37,92;7,43;15,2;1,72;5;1;8,202
785;37,92;7,43;15,2;1,72;5;2;10,517
785;37,92;7,43;15,2;1,72;5;3;11,016
785;37,92;7,43;15,2;1,72;10;1;16,403
785;37,92;7,43;15,2;1,72;10;2;21,033
785;37,92;7,43;15,2;1,72;10;3;22,033
837;36,38;8,12;16,1;1,73;1;1;1,628
837;36,38;8,12;16,1;1,73;1;2;2,094
837;36,38;8,12;16,1;1,73;1;3;2,191
837;36,38;8,12;16,1;1,73;3;1;4,885
837;36,38;8,12;16,1;1,73;3;2;6,282
837;36,38;8,12;16,1;1,73;3;3;6,572
837;36,38;8,12;16,1;1,73;5;1;8,142
837;36,38;8,12;16,1;1,73;5;2;10,470
837;36,38;8,12;16,1;1,73;5;3;10,954
837;36,38;8,12;16,1;1,73;10;1;16,283
837;36,38;8,12;16,1;1,73;10;2;20,940
837;36,38;8,12;16,1;1,73;10;3;21,907
0;42,03;5,57;13,7;1,49;1;1;1,421
0;42,03;5,57;13,7;1,49;1;2;1,818
0;42,03;5,57;13,7;1,49;1;3;1,920
0;42,03;5,57;13,7;1,49;3;1;4,262
0;42,03;5,57;13,7;1,49;3;2;5,455
0;42,03;5,57;13,7;1,49;3;3;5,760
0;42,03;5,57;13,7;1,49;5;1;7,103
0;42,03;5,57;13,7;1,49;5;2;9,092
0;42,03;5,57;13,7;1,49;5;3;9,601
0;42,03;5,57;13,7;1,49;10;1;14,205
0;42,03;5,57;13,7;1,49;10;2;18,183
0;42,03;5,57;13,7;1,49;10;3;19,202
1609;39,75;4,55;7,3;1,62;1;1;1,639
1609;39,75;4,55;7,3;1,62;1;2;2,095
1609;39,75;4,55;7,3;1,62;1;3;2,206
1609;39,75;4,55;7,3;1,62;3;1;4,916
1609;39,75;4,55;7,3;1,62;3;2;6,285
1609;39,75;4,55;7,3;1,62;3;3;6,618
1609;39,75;4,55;7,3;1,62;5;1;8,194
1609;39,75;4,55;7,3;1,62;5;2;10,474
1609;39,75;4,55;7,3;1,62;5;3;11,030
1609;39,75;4,55;7,3;1,62;10;1;16,388
1609;39,75;4,55;7,3;1,62;10;2;20,949
1609;39,75;4,55;7,3;1,62;10;3;22,061
788;37,77;7,88;15,6;1,73;1;1;1,641
788;37,77;7,88;15,6;1,73;1;2;2,108
788;37,77;7,88;15,6;1,73;1;3;2,208
788;37,77;7,88;15,6;1,73;3;1;4,923
788;37,77;7,88;15,6;1,73;3;2;6,323
788;37,77;7,88;15,6;1,73;3;3;6,625
788;37,77;7,88;15,6;1,73;5;1;8,205
788;37,77;7,88;15,6;1,73;5;2;10,538
788;37,77;7,88;15,6;1,73;5;3;11,042
788;37,77;7,88;15,6;1,73;10;1;16,410
788;37,77;7,88;15,6;1,73;10;2;21,076
788;37,77;7,88;15,6;1,73;10;3;22,083
945;39,45;6,96;10,9;1,55;1;1;1,514
945;39,45;6,96;10,9;1,55;1;2;1,911
945;39,45;6,96;10,9;1,55;1;3;2,003
945;39,45;6,96;10,9;1,55;3;1;4,541
945;39,45;6,96;10,9;1,55;3;2;5,734
945;39,45;6,96;10,9;1,55;3;3;6,010
945;39,45;6,96;10,9;1,55;5;1;7,568
945;39,45;6,96;10,9;1,55;5;2;9,557
945;39,45;6,96;10,9;1,55;5;3;10,017
945;39,45;6,96;10,9;1,55;10;1;15,135
945;39,45;6,96;10,9;1,55;10;2;19,114
945;39,45;6,96;10,9;1,55;10;3;20,035
715;37,88;7,91;16,2;1,77;1;1;1,699
715;37,88;7,91;16,2;1,77;1;2;2,196
715;37,88;7,91;16,2;1,77;1;3;2,302
715;37,88;7,91;16,2;1,77;3;1;5,097
715;37,88;7,91;16,2;1,77;3;2;6,587
715;37,88;7,91;16,2;1,77;3;3;6,906
715;37,88;7,91;16,2;1,77;5;1;8,495
715;37,88;7,91;16,2;1,77;5;2;10,979
715;37,88;7,91;16,2;1,77;5;3;11,510
715;37,88;7,91;16,2;1,77;10;1;16,991
715;37,88;7,91;16,2;1,77;10;2;21,957
715;37,88;7,91;16,2;1,77;10;3;23,020
690;37,08;8,3;14,8;1,7;1;1;1,404
690;37,08;8,3;14,8;1,7;1;2;1,789
690;37,08;8,3;14,8;1,7;1;3;1,882
690;37,08;8,3;14,8;1,7;3;1;4,211
690;37,08;8,3;14,8;1,7;3;2;5,367
690;37,08;8,3;14,8;1,7;3;3;5,645
690;37,08;8,3;14,8;1,7;5;1;7,018
690;37,08;8,3;14,8;1,7;5;2;8,946
690;37,08;8,3;14,8;1,7;5;3;9,408
690;37,08;8,3;14,8;1,7;10;1;14,036
690;37,08;8,3;14,8;1,7;10;2;17,891
690;37,08;8,3;14,8;1,7;10;3;18,815
21;41,18;5,74;14,2;1,5;1;1;1,666
21;41,18;5,74;14,2;1,5;1;2;2,145
21;41,18;5,74;14,2;1,5;1;3;2,261
21;41,18;5,74;14,2;1,5;3;1;4,998
21;41,18;5,74;14,2;1,5;3;2;6,435
21;41,18;5,74;14,2;1,5;3;3;6,783
21;41,18;5,74;14,2;1,5;5;1;8,330
21;41,18;5,74;14,2;1,5;5;2;10,725
21;41,18;5,74;14,2;1,5;5;3;11,305
21;41,18;5,74;14,2;1,5;10;1;16,660
21;41,18;5,74;14,2;1,5;10;2;21,450
21;41,18;5,74;14,2;1,5;10;3;22,610
1919;38,48;5,42;8,4;1,7;1;1;1,505
1919;38,48;5,42;8,4;1,7;1;2;1,908
1919;38,48;5,42;8,4;1,7;1;3;2,002
1919;38,48;5,42;8,4;1,7;3;1;4,516
1919;38,48;5,42;8,4;1,7;3;2;5,723
1919;38,48;5,42;8,4;1,7;3;3;6,005
1919;38,48;5,42;8,4;1,7;5;1;7,526
1919;38,48;5,42;8,4;1,7;5;2;9,538
1919;38,48;5,42;8,4;1,7;5;3;10,009
1919;38,48;5,42;8,4;1,7;10;1;15,052
1919;38,48;5,42;8,4;1,7;10;2;19,076
1919;38,48;5,42;8,4;1,7;10;3;20,018
1093;39,55;6,54;12,3;1,56;1;1;1,632
1093;39,55;6,54;12,3;1,56;1;2;2,098
1093;39,55;6,54;12,3;1,56;1;3;2,197
1093;39,55;6,54;12,3;1,56;3;1;4,895
1093;39,55;6,54;12,3;1,56;3;2;6,295
1093;39,55;6,54;12,3;1,56;3;3;6,590
1093;39,55;6,54;12,3;1,56;5;1;8,159
1093;39,55;6,54;12,3;1,56;5;2;10,492
1093;39,55;6,54;12,3;1,56;5;3;10,983
1093;39,55;6,54;12,3;1,56;10;1;16,318
1093;39,55;6,54;12,3;1,56;10;2;20,984
1093;39,55;6,54;12,3;1,56;10;3;21,967
1149;37,32;7,25;14,3;1,71;1;1;1,420
1149;37,32;7,25;14,3;1,71;1;2;1,800
1149;37,32;7,25;14,3;1,71;1;3;1,890
1149;37,32;7,25;14,3;1,71;3;1;4,259
1149;37,32;7,25;14,3;1,71;3;2;5,399
1149;37,32;7,25;14,3;1,71;3;3;5,670
1149;37,32;7,25;14,3;1,71;5;1;7,099
1149;37,32;7,25;14,3;1,71;5;2;8,998
1149;37,32;7,25;14,3;1,71;5;3;9,450
1149;37,32;7,25;14,3;1,71;10;1;14,197
1149;37,32;7,25;14,3;1,71;10;2;17,997
1149;37,32;7,25;14,3;1,71;10;3;18,900
99;40,98;5,41;15,1;1,5;1;1;1,436
99;40,98;5,41;15,1;1,5;1;2;1,793
99;40,98;5,41;15,1;1,5;1;3;1,879
99;40,98;5,41;15,1;1,5;3;1;4,308
99;40,98;5,41;15,1;1,5;3;2;5,378
99;40,98;5,41;15,1;1,5;3;3;5,637
99;40,98;5,41;15,1;1,5;5;1;7,181
99;40,98;5,41;15,1;1,5;5;2;8,963
99;40,98;5,41;15,1;1,5;5;3;9,395
99;40,98;5,41;15,1;1,5;10;1;14,361
99;40,98;5,41;15,1;1,5;10;2;17,926
99;40,98;5,41;15,1;1,5;10;3;18,790
1002;40,3;6,01;9,6;1,46;1;1;1,328
1002;40,3;6,01;9,6;1,46;1;2;1,642
1002;40,3;6,01;9,6;1,46;1;3;1,720
1002;40,3;6,01;9,6;1,46;3;1;3,985
1002;40,3;6,01;9,6;1,46;3;2;4,927
1002;40,3;6,01;9,6;1,46;3;3;5,161
1002;40,3;6,01;9,6;1,46;5;1;6,641
1002;40,3;6,01;9,6;1,46;5;2;8,212
1002;40,3;6,01;9,6;1,46;5;3;8,602
1002;40,3;6,01;9,6;1,46;10;1;13,283
1002;40,3;6,01;9,6;1,46;10;2;16,424
1002;40,3;6,01;9,6;1,46;10;3;17,203
880;41,02;6,40;11,3;1,37;1;1;1,410
880;41,02;6,40;11,3;1,37;1;2;1,772
880;41,02;6,40;11,3;1,37;1;3;1,860
880;41,02;6,40;11,3;1,37;3;1;4,231
880;41,02;6,40;11,3;1,37;3;2;5,317
880;41,02;6,40;11,3;1,37;3;3;5,581
880;41,02;6,40;11,3;1,37;5;1;7,051
880;41,02;6,40;11,3;1,37;5;2;8,861
880;41,02;6,40;11,3;1,37;5;3;9,302
880;41,02;6,40;11,3;1,37;10;1;14,102
880;41,02;6,40;11,3;1,37;10;2;17,723
880;41,02;6,40;11,3;1,37;10;3;18,604
11;41;4,57;12,5;1,46;1;1;1,613
11;41;4,57;12,5;1,46;1;2;2,061
11;41;4,57;12,5;1,46;1;3;2,171
11;41;4,57;12,5;1,46;3;1;4,840
11;41;4,57;12,5;1,46;3;2;6,182
11;41;4,57;12,5;1,46;3;3;6,512
11;41;4,57;12,5;1,46;5;1;8,067
11;41;4,57;12,5;1,46;5;2;10,303
11;41;4,57;12,5;1,46;5;3;10,854
11;41;4,57;12,5;1,46;10;1;16,134
11;41;4,57;12,5;1,46;10;2;20,606
11;41;4,57;12,5;1,46;10;3;21,708
1853;39,12;7,37;7,2;1,62;1;1;1,596
1853;39,12;7,37;7,2;1,62;1;2;2,045
1853;39,12;7,37;7,2;1,62;1;3;2,140
1853;39,12;7,37;7,2;1,62;3;1;4,787
1853;39,12;7,37;7,2;1,62;3;2;6,135
1853;39,12;7,37;7,2;1,62;3;3;6,421
1853;39,12;7,37;7,2;1,62;5;1;7,979
1853;39,12;7,37;7,2;1,62;5;2;10,224
1853;39,12;7,37;7,2;1,62;5;3;10,702
1853;39,12;7,37;7,2;1,62;10;1;15,957
1853;39,12;7,37;7,2;1,62;10;2;20,449
1853;39,12;7,37;7,2;1,62;10;3;21,405
980;38,68;7,63;12,7;1,65;1;1;1,606
980;38,68;7,63;12,7;1,65;1;2;2,052
980;38,68;7,63;12,7;1,65;1;3;2,154
980;38,68;7,63;12,7;1,65;3;1;4,818
980;38,68;7,63;12,7;1,65;3;2;6,156
980;38,68;7,63;12,7;1,65;3;3;6,461
980;38,68;7,63;12,7;1,65;5;1;8,030
980;38,68;7,63;12,7;1,65;5;2;10,260
980;38,68;7,63;12,7;1,65;5;3;10,769
980;38,68;7,63;12,7;1,65;10;1;16,060
980;38,68;7,63;12,7;1,65;10;2;20,519
980;38,68;7,63;12,7;1,65;10;3;21,537
145;41,27;6,25;13,9;1,4;1;1;1,341
145;41,27;6,25;13,9;1,4;1;2;1,672
145;41,27;6,25;13,9;1,4;1;3;1,752
145;41,27;6,25;13,9;1,4;3;1;4,024
145;41,27;6,25;13,9;1,4;3;2;5,015
145;41,27;6,25;13,9;1,4;3;3;5,256
145;41,27;6,25;13,9;1,4;5;1;6,707
145;41,27;6,25;13,9;1,4;5;2;8,359
145;41,27;6,25;13,9;1,4;5;3;8,761
145;41,27;6,25;13,9;1,4;10;1;13,415
145;41,27;6,25;13,9;1,4;10;2;16,718
145;41,27;6,25;13,9;1,4;10;3;17,521
1308;38,63;7,23;10,4;1,64;1;1;1,605
1308;38,63;7,23;10,4;1,64;1;2;2,045
1308;38,63;7,23;10,4;1,64;1;3;2,146
1308;38,63;7,23;10,4;1,64;3;1;4,814
1308;38,63;7,23;10,4;1,64;3;2;6,134
1308;38,63;7,23;10,4;1,64;3;3;6,439
1308;38,63;7,23;10,4;1,64;5;1;8,023
1308;38,63;7,23;10,4;1,64;5;2;10,223
1308;38,63;7,23;10,4;1,64;5;3;10,732
1308;38,63;7,23;10,4;1,64;10;1;16,045
1308;38,63;7,23;10,4;1,64;10;2;20,446
1308;38,63;7,23;10,4;1,64;10;3;21,463
2108;38,47;8,04;6,9;1,68;1;1;1,688
2108;38,47;8,04;6,9;1,68;1;2;2,162
2108;38,47;8,04;6,9;1,68;1;3;2,279
2108;38,47;8,04;6,9;1,68;3;1;5,064
2108;38,47;8,04;6,9;1,68;3;2;6,487
2108;38,47;8,04;6,9;1,68;3;3;6,838
2108;38,47;8,04;6,9;1,68;5;1;8,439
2108;38,47;8,04;6,9;1,68;5;2;10,812
2108;38,47;8,04;6,9;1,68;5;3;11,396
2108;38,47;8,04;6,9;1,68;10;1;16,878
2108;38,47;8,04;6,9;1,68;10;2;21,624
2108;38,47;8,04;6,9;1,68;10;3;22,792
379;40,68;5,6;13,2;1,45;1;1;1,376
379;40,68;5,6;13,2;1,45;1;2;1,724
379;40,68;5,6;13,2;1,45;1;3;1,809
379;40,68;5,6;13,2;1,45;3;1;4,129
379;40,68;5,6;13,2;1,45;3;2;5,173
379;40,68;5,6;13,2;1,45;3;3;5,428
379;40,68;5,6;13,2;1,45;5;1;6,881
379;40,68;5,6;13,2;1,45;5;2;8,622
379;40,68;5,6;13,2;1,45;5;3;9,046
379;40,68;5,6;13,2;1,45;10;1;13,762
379;40,68;5,6;13,2;1,45;10;2;17,244
379;40,68;5,6;13,2;1,45;10;3;18,092
715;37,35;7,76;16,2;1,77;1;1;1,673
715;37,35;7,76;16,2;1,77;1;2;2,170
715;37,35;7,76;16,2;1,77;1;3;2,273
715;37,35;7,76;16,2;1,77;3;1;5,019
715;37,35;7,76;16,2;1,77;3;2;6,510
715;37,35;7,76;16,2;1,77;3;3;6,820
715;37,35;7,76;16,2;1,77;5;1;8,365
715;37,35;7,76;16,2;1,77;5;2;10,850
715;37,35;7,76;16,2;1,77;5;3;11,367
715;37,35;7,76;16,2;1,77;10;1;16,731
715;37,35;7,76;16,2;1,77;10;2;21,700
715;37,35;7,76;16,2;1,77;10;3;22,734
379;40,25;6,34;13,2;1,45;1;1;1,369
379;40,25;6,34;13,2;1,45;1;2;1,713
379;40,25;6,34;13,2;1,45;1;3;1,796
379;40,25;6,34;13,2;1,45;3;1;4,107
379;40,25;6,34;13,2;1,45;3;2;5,138
379;40,25;6,34;13,2;1,45;3;3;5,389
379;40,25;6,34;13,2;1,45;5;1;6,844
379;40,25;6,34;13,2;1,45;5;2;8,563
379;40,25;6,34;13,2;1,45;5;3;8,981
379;40,25;6,34;13,2;1,45;10;1;13,689
379;40,25;6,34;13,2;1,45;10;2;17,125
379;40,25;6,34;13,2;1,45;10;3;17,962
1108;39,82;6,75;9,7;1,6;1;1;1,588
1108;39,82;6,75;9,7;1,6;1;2;2,022
1108;39,82;6,75;9,7;1,6;1;3;2,123
1108;39,82;6,75;9,7;1,6;3;1;4,763
1108;39,82;6,75;9,7;1,6;3;2;6,067
1108;39,82;6,75;9,7;1,6;3;3;6,370
1108;39,82;6,75;9,7;1,6;5;1;7,939
1108;39,82;6,75;9,7;1,6;5;2;10,112
1108;39,82;6,75;9,7;1,6;5;3;10,616
1108;39,82;6,75;9,7;1,6;10;1;15,877
1108;39,82;6,75;9,7;1,6;10;2;20,223
1108;39,82;6,75;9,7;1,6;10;3;21,233
124;41,45;5,9;12,9;1,52;1;1;1,441
124;41,45;5,9;12,9;1,52;1;2;1,838
124;41,45;5,9;12,9;1,52;1;3;1,932
124;41,45;5,9;12,9;1,52;3;1;4,323
124;41,45;5,9;12,9;1,52;3;2;5,514
124;41,45;5,9;12,9;1,52;3;3;5,796
124;41,45;5,9;12,9;1,52;5;1;7,206
124;41,45;5,9;12,9;1,52;5;2;9,189
124;41,45;5,9;12,9;1,52;5;3;9,660
124;41,45;5,9;12,9;1,52;10;1;14,412
124;41,45;5,9;12,9;1,52;10;2;18,379
124;41,45;5,9;12,9;1,52;10;3;19,320
